Name,Shop,Distribution,Set,PID,NumJobs,NumMachines,Dimension,Makespan
j.rndn.6x5.train.1,j,rndn,train,1,6,5,30,469
j.rndn.6x5.train.2,j,rndn,train,2,6,5,30,495
j.rndn.6x5.train.3,j,rndn,train,3,6,5,30,390
j.rndn.6x5.train.4,j,rndn,train,4,6,5,30,454
j.rndn.6x5.train.5,j,rndn,train,5,6,5,30,490
j.rndn.6x5.train.6,j,rndn,train,6,6,5,30,417
j.rndn.6x5.train.7,j,rndn,train,7,6,5,30,444
j.rndn.6x5.train.8,j,rndn,train,8,6,5,30,450
j.rndn.6x5.train.9,j,rndn,train,9,6,5,30,395
j.rndn.6x5.train.10,j,rndn,train,10,6,5,30,398
j.rndn.6x5.train.11,j,rndn,train,11,6,5,30,459
j.rndn.6x5.train.12,j,rndn,train,12,6,5,30,450
j.rndn.6x5.train.13,j,rndn,train,13,6,5,30,494
j.rndn.6x5.train.14,j,rndn,train,14,6,5,30,409
j.rndn.6x5.train.15,j,rndn,train,15,6,5,30,452
j.rndn.6x5.train.16,j,rndn,train,16,6,5,30,417
j.rndn.6x5.train.17,j,rndn,train,17,6,5,30,567
j.rndn.6x5.train.18,j,rndn,train,18,6,5,30,459
j.rndn.6x5.train.19,j,rndn,train,19,6,5,30,462
j.rndn.6x5.train.20,j,rndn,train,20,6,5,30,445
j.rndn.6x5.train.21,j,rndn,train,21,6,5,30,448
j.rndn.6x5.train.22,j,rndn,train,22,6,5,30,502
j.rndn.6x5.train.23,j,rndn,train,23,6,5,30,503
j.rndn.6x5.train.24,j,rndn,train,24,6,5,30,446
j.rndn.6x5.train.25,j,rndn,train,25,6,5,30,462
j.rndn.6x5.train.26,j,rndn,train,26,6,5,30,461
j.rndn.6x5.train.27,j,rndn,train,27,6,5,30,366
j.rndn.6x5.train.28,j,rndn,train,28,6,5,30,393
j.rndn.6x5.train.29,j,rndn,train,29,6,5,30,515
j.rndn.6x5.train.30,j,rndn,train,30,6,5,30,454
j.rndn.6x5.train.31,j,rndn,train,31,6,5,30,363
j.rndn.6x5.train.32,j,rndn,train,32,6,5,30,512
j.rndn.6x5.train.33,j,rndn,train,33,6,5,30,410
j.rndn.6x5.train.34,j,rndn,train,34,6,5,30,457
j.rndn.6x5.train.35,j,rndn,train,35,6,5,30,462
j.rndn.6x5.train.36,j,rndn,train,36,6,5,30,450
j.rndn.6x5.train.37,j,rndn,train,37,6,5,30,450
j.rndn.6x5.train.38,j,rndn,train,38,6,5,30,466
j.rndn.6x5.train.39,j,rndn,train,39,6,5,30,454
j.rndn.6x5.train.40,j,rndn,train,40,6,5,30,403
j.rndn.6x5.train.41,j,rndn,train,41,6,5,30,459
j.rndn.6x5.train.42,j,rndn,train,42,6,5,30,555
j.rndn.6x5.train.43,j,rndn,train,43,6,5,30,397
j.rndn.6x5.train.44,j,rndn,train,44,6,5,30,453
j.rndn.6x5.train.45,j,rndn,train,45,6,5,30,492
j.rndn.6x5.train.46,j,rndn,train,46,6,5,30,509
j.rndn.6x5.train.47,j,rndn,train,47,6,5,30,511
j.rndn.6x5.train.48,j,rndn,train,48,6,5,30,502
j.rndn.6x5.train.49,j,rndn,train,49,6,5,30,453
j.rndn.6x5.train.50,j,rndn,train,50,6,5,30,413
j.rndn.6x5.train.51,j,rndn,train,51,6,5,30,462
j.rndn.6x5.train.52,j,rndn,train,52,6,5,30,458
j.rndn.6x5.train.53,j,rndn,train,53,6,5,30,461
j.rndn.6x5.train.54,j,rndn,train,54,6,5,30,469
j.rndn.6x5.train.55,j,rndn,train,55,6,5,30,456
j.rndn.6x5.train.56,j,rndn,train,56,6,5,30,455
j.rndn.6x5.train.57,j,rndn,train,57,6,5,30,464
j.rndn.6x5.train.58,j,rndn,train,58,6,5,30,517
j.rndn.6x5.train.59,j,rndn,train,59,6,5,30,355
j.rndn.6x5.train.60,j,rndn,train,60,6,5,30,507
j.rndn.6x5.train.61,j,rndn,train,61,6,5,30,459
j.rndn.6x5.train.62,j,rndn,train,62,6,5,30,405
j.rndn.6x5.train.63,j,rndn,train,63,6,5,30,462
j.rndn.6x5.train.64,j,rndn,train,64,6,5,30,458
j.rndn.6x5.train.65,j,rndn,train,65,6,5,30,460
j.rndn.6x5.train.66,j,rndn,train,66,6,5,30,421
j.rndn.6x5.train.67,j,rndn,train,67,6,5,30,357
j.rndn.6x5.train.68,j,rndn,train,68,6,5,30,414
j.rndn.6x5.train.69,j,rndn,train,69,6,5,30,419
j.rndn.6x5.train.70,j,rndn,train,70,6,5,30,544
j.rndn.6x5.train.71,j,rndn,train,71,6,5,30,457
j.rndn.6x5.train.72,j,rndn,train,72,6,5,30,417
j.rndn.6x5.train.73,j,rndn,train,73,6,5,30,456
j.rndn.6x5.train.74,j,rndn,train,74,6,5,30,393
j.rndn.6x5.train.75,j,rndn,train,75,6,5,30,454
j.rndn.6x5.train.76,j,rndn,train,76,6,5,30,404
j.rndn.6x5.train.77,j,rndn,train,77,6,5,30,474
j.rndn.6x5.train.78,j,rndn,train,78,6,5,30,446
j.rndn.6x5.train.79,j,rndn,train,79,6,5,30,358
j.rndn.6x5.train.80,j,rndn,train,80,6,5,30,448
j.rndn.6x5.train.81,j,rndn,train,81,6,5,30,395
j.rndn.6x5.train.82,j,rndn,train,82,6,5,30,407
j.rndn.6x5.train.83,j,rndn,train,83,6,5,30,416
j.rndn.6x5.train.84,j,rndn,train,84,6,5,30,450
j.rndn.6x5.train.85,j,rndn,train,85,6,5,30,460
j.rndn.6x5.train.86,j,rndn,train,86,6,5,30,439
j.rndn.6x5.train.87,j,rndn,train,87,6,5,30,409
j.rndn.6x5.train.88,j,rndn,train,88,6,5,30,455
j.rndn.6x5.train.89,j,rndn,train,89,6,5,30,505
j.rndn.6x5.train.90,j,rndn,train,90,6,5,30,458
j.rndn.6x5.train.91,j,rndn,train,91,6,5,30,456
j.rndn.6x5.train.92,j,rndn,train,92,6,5,30,449
j.rndn.6x5.train.93,j,rndn,train,93,6,5,30,402
j.rndn.6x5.train.94,j,rndn,train,94,6,5,30,410
j.rndn.6x5.train.95,j,rndn,train,95,6,5,30,409
j.rndn.6x5.train.96,j,rndn,train,96,6,5,30,447
j.rndn.6x5.train.97,j,rndn,train,97,6,5,30,408
j.rndn.6x5.train.98,j,rndn,train,98,6,5,30,437
j.rndn.6x5.train.99,j,rndn,train,99,6,5,30,459
j.rndn.6x5.train.100,j,rndn,train,100,6,5,30,458
j.rndn.6x5.train.101,j,rndn,train,101,6,5,30,496
j.rndn.6x5.train.102,j,rndn,train,102,6,5,30,410
j.rndn.6x5.train.103,j,rndn,train,103,6,5,30,401
j.rndn.6x5.train.104,j,rndn,train,104,6,5,30,451
j.rndn.6x5.train.105,j,rndn,train,105,6,5,30,460
j.rndn.6x5.train.106,j,rndn,train,106,6,5,30,458
j.rndn.6x5.train.107,j,rndn,train,107,6,5,30,460
j.rndn.6x5.train.108,j,rndn,train,108,6,5,30,449
j.rndn.6x5.train.109,j,rndn,train,109,6,5,30,407
j.rndn.6x5.train.110,j,rndn,train,110,6,5,30,460
j.rndn.6x5.train.111,j,rndn,train,111,6,5,30,475
j.rndn.6x5.train.112,j,rndn,train,112,6,5,30,447
j.rndn.6x5.train.113,j,rndn,train,113,6,5,30,468
j.rndn.6x5.train.114,j,rndn,train,114,6,5,30,544
j.rndn.6x5.train.115,j,rndn,train,115,6,5,30,461
j.rndn.6x5.train.116,j,rndn,train,116,6,5,30,418
j.rndn.6x5.train.117,j,rndn,train,117,6,5,30,501
j.rndn.6x5.train.118,j,rndn,train,118,6,5,30,448
j.rndn.6x5.train.119,j,rndn,train,119,6,5,30,502
j.rndn.6x5.train.120,j,rndn,train,120,6,5,30,441
j.rndn.6x5.train.121,j,rndn,train,121,6,5,30,441
j.rndn.6x5.train.122,j,rndn,train,122,6,5,30,465
j.rndn.6x5.train.123,j,rndn,train,123,6,5,30,454
j.rndn.6x5.train.124,j,rndn,train,124,6,5,30,453
j.rndn.6x5.train.125,j,rndn,train,125,6,5,30,418
j.rndn.6x5.train.126,j,rndn,train,126,6,5,30,455
j.rndn.6x5.train.127,j,rndn,train,127,6,5,30,443
j.rndn.6x5.train.128,j,rndn,train,128,6,5,30,556
j.rndn.6x5.train.129,j,rndn,train,129,6,5,30,436
j.rndn.6x5.train.130,j,rndn,train,130,6,5,30,408
j.rndn.6x5.train.131,j,rndn,train,131,6,5,30,417
j.rndn.6x5.train.132,j,rndn,train,132,6,5,30,448
j.rndn.6x5.train.133,j,rndn,train,133,6,5,30,452
j.rndn.6x5.train.134,j,rndn,train,134,6,5,30,397
j.rndn.6x5.train.135,j,rndn,train,135,6,5,30,457
j.rndn.6x5.train.136,j,rndn,train,136,6,5,30,469
j.rndn.6x5.train.137,j,rndn,train,137,6,5,30,436
j.rndn.6x5.train.138,j,rndn,train,138,6,5,30,407
j.rndn.6x5.train.139,j,rndn,train,139,6,5,30,406
j.rndn.6x5.train.140,j,rndn,train,140,6,5,30,490
j.rndn.6x5.train.141,j,rndn,train,141,6,5,30,418
j.rndn.6x5.train.142,j,rndn,train,142,6,5,30,412
j.rndn.6x5.train.143,j,rndn,train,143,6,5,30,411
j.rndn.6x5.train.144,j,rndn,train,144,6,5,30,457
j.rndn.6x5.train.145,j,rndn,train,145,6,5,30,464
j.rndn.6x5.train.146,j,rndn,train,146,6,5,30,507
j.rndn.6x5.train.147,j,rndn,train,147,6,5,30,444
j.rndn.6x5.train.148,j,rndn,train,148,6,5,30,400
j.rndn.6x5.train.149,j,rndn,train,149,6,5,30,501
j.rndn.6x5.train.150,j,rndn,train,150,6,5,30,456
j.rndn.6x5.train.151,j,rndn,train,151,6,5,30,439
j.rndn.6x5.train.152,j,rndn,train,152,6,5,30,414
j.rndn.6x5.train.153,j,rndn,train,153,6,5,30,413
j.rndn.6x5.train.154,j,rndn,train,154,6,5,30,403
j.rndn.6x5.train.155,j,rndn,train,155,6,5,30,511
j.rndn.6x5.train.156,j,rndn,train,156,6,5,30,461
j.rndn.6x5.train.157,j,rndn,train,157,6,5,30,502
j.rndn.6x5.train.158,j,rndn,train,158,6,5,30,495
j.rndn.6x5.train.159,j,rndn,train,159,6,5,30,409
j.rndn.6x5.train.160,j,rndn,train,160,6,5,30,475
j.rndn.6x5.train.161,j,rndn,train,161,6,5,30,445
j.rndn.6x5.train.162,j,rndn,train,162,6,5,30,499
j.rndn.6x5.train.163,j,rndn,train,163,6,5,30,456
j.rndn.6x5.train.164,j,rndn,train,164,6,5,30,447
j.rndn.6x5.train.165,j,rndn,train,165,6,5,30,507
j.rndn.6x5.train.166,j,rndn,train,166,6,5,30,452
j.rndn.6x5.train.167,j,rndn,train,167,6,5,30,455
j.rndn.6x5.train.168,j,rndn,train,168,6,5,30,499
j.rndn.6x5.train.169,j,rndn,train,169,6,5,30,415
j.rndn.6x5.train.170,j,rndn,train,170,6,5,30,407
j.rndn.6x5.train.171,j,rndn,train,171,6,5,30,445
j.rndn.6x5.train.172,j,rndn,train,172,6,5,30,461
j.rndn.6x5.train.173,j,rndn,train,173,6,5,30,455
j.rndn.6x5.train.174,j,rndn,train,174,6,5,30,409
j.rndn.6x5.train.175,j,rndn,train,175,6,5,30,416
j.rndn.6x5.train.176,j,rndn,train,176,6,5,30,464
j.rndn.6x5.train.177,j,rndn,train,177,6,5,30,405
j.rndn.6x5.train.178,j,rndn,train,178,6,5,30,455
j.rndn.6x5.train.179,j,rndn,train,179,6,5,30,414
j.rndn.6x5.train.180,j,rndn,train,180,6,5,30,445
j.rndn.6x5.train.181,j,rndn,train,181,6,5,30,463
j.rndn.6x5.train.182,j,rndn,train,182,6,5,30,503
j.rndn.6x5.train.183,j,rndn,train,183,6,5,30,448
j.rndn.6x5.train.184,j,rndn,train,184,6,5,30,490
j.rndn.6x5.train.185,j,rndn,train,185,6,5,30,467
j.rndn.6x5.train.186,j,rndn,train,186,6,5,30,456
j.rndn.6x5.train.187,j,rndn,train,187,6,5,30,510
j.rndn.6x5.train.188,j,rndn,train,188,6,5,30,468
j.rndn.6x5.train.189,j,rndn,train,189,6,5,30,462
j.rndn.6x5.train.190,j,rndn,train,190,6,5,30,403
j.rndn.6x5.train.191,j,rndn,train,191,6,5,30,389
j.rndn.6x5.train.192,j,rndn,train,192,6,5,30,449
j.rndn.6x5.train.193,j,rndn,train,193,6,5,30,455
j.rndn.6x5.train.194,j,rndn,train,194,6,5,30,502
j.rndn.6x5.train.195,j,rndn,train,195,6,5,30,445
j.rndn.6x5.train.196,j,rndn,train,196,6,5,30,464
j.rndn.6x5.train.197,j,rndn,train,197,6,5,30,500
j.rndn.6x5.train.198,j,rndn,train,198,6,5,30,512
j.rndn.6x5.train.199,j,rndn,train,199,6,5,30,448
j.rndn.6x5.train.200,j,rndn,train,200,6,5,30,499
j.rndn.6x5.train.201,j,rndn,train,201,6,5,30,489
j.rndn.6x5.train.202,j,rndn,train,202,6,5,30,414
j.rndn.6x5.train.203,j,rndn,train,203,6,5,30,511
j.rndn.6x5.train.204,j,rndn,train,204,6,5,30,446
j.rndn.6x5.train.205,j,rndn,train,205,6,5,30,403
j.rndn.6x5.train.206,j,rndn,train,206,6,5,30,449
j.rndn.6x5.train.207,j,rndn,train,207,6,5,30,454
j.rndn.6x5.train.208,j,rndn,train,208,6,5,30,446
j.rndn.6x5.train.209,j,rndn,train,209,6,5,30,396
j.rndn.6x5.train.210,j,rndn,train,210,6,5,30,456
j.rndn.6x5.train.211,j,rndn,train,211,6,5,30,447
j.rndn.6x5.train.212,j,rndn,train,212,6,5,30,500
j.rndn.6x5.train.213,j,rndn,train,213,6,5,30,449
j.rndn.6x5.train.214,j,rndn,train,214,6,5,30,493
j.rndn.6x5.train.215,j,rndn,train,215,6,5,30,451
j.rndn.6x5.train.216,j,rndn,train,216,6,5,30,481
j.rndn.6x5.train.217,j,rndn,train,217,6,5,30,559
j.rndn.6x5.train.218,j,rndn,train,218,6,5,30,506
j.rndn.6x5.train.219,j,rndn,train,219,6,5,30,556
j.rndn.6x5.train.220,j,rndn,train,220,6,5,30,463
j.rndn.6x5.train.221,j,rndn,train,221,6,5,30,442
j.rndn.6x5.train.222,j,rndn,train,222,6,5,30,457
j.rndn.6x5.train.223,j,rndn,train,223,6,5,30,496
j.rndn.6x5.train.224,j,rndn,train,224,6,5,30,399
j.rndn.6x5.train.225,j,rndn,train,225,6,5,30,507
j.rndn.6x5.train.226,j,rndn,train,226,6,5,30,411
j.rndn.6x5.train.227,j,rndn,train,227,6,5,30,445
j.rndn.6x5.train.228,j,rndn,train,228,6,5,30,525
j.rndn.6x5.train.229,j,rndn,train,229,6,5,30,451
j.rndn.6x5.train.230,j,rndn,train,230,6,5,30,491
j.rndn.6x5.train.231,j,rndn,train,231,6,5,30,466
j.rndn.6x5.train.232,j,rndn,train,232,6,5,30,458
j.rndn.6x5.train.233,j,rndn,train,233,6,5,30,512
j.rndn.6x5.train.234,j,rndn,train,234,6,5,30,459
j.rndn.6x5.train.235,j,rndn,train,235,6,5,30,497
j.rndn.6x5.train.236,j,rndn,train,236,6,5,30,465
j.rndn.6x5.train.237,j,rndn,train,237,6,5,30,502
j.rndn.6x5.train.238,j,rndn,train,238,6,5,30,414
j.rndn.6x5.train.239,j,rndn,train,239,6,5,30,458
j.rndn.6x5.train.240,j,rndn,train,240,6,5,30,437
j.rndn.6x5.train.241,j,rndn,train,241,6,5,30,499
j.rndn.6x5.train.242,j,rndn,train,242,6,5,30,449
j.rndn.6x5.train.243,j,rndn,train,243,6,5,30,465
j.rndn.6x5.train.244,j,rndn,train,244,6,5,30,446
j.rndn.6x5.train.245,j,rndn,train,245,6,5,30,443
j.rndn.6x5.train.246,j,rndn,train,246,6,5,30,463
j.rndn.6x5.train.247,j,rndn,train,247,6,5,30,406
j.rndn.6x5.train.248,j,rndn,train,248,6,5,30,461
j.rndn.6x5.train.249,j,rndn,train,249,6,5,30,498
j.rndn.6x5.train.250,j,rndn,train,250,6,5,30,451
j.rndn.6x5.train.251,j,rndn,train,251,6,5,30,503
j.rndn.6x5.train.252,j,rndn,train,252,6,5,30,459
j.rndn.6x5.train.253,j,rndn,train,253,6,5,30,360
j.rndn.6x5.train.254,j,rndn,train,254,6,5,30,458
j.rndn.6x5.train.255,j,rndn,train,255,6,5,30,458
j.rndn.6x5.train.256,j,rndn,train,256,6,5,30,465
j.rndn.6x5.train.257,j,rndn,train,257,6,5,30,404
j.rndn.6x5.train.258,j,rndn,train,258,6,5,30,500
j.rndn.6x5.train.259,j,rndn,train,259,6,5,30,455
j.rndn.6x5.train.260,j,rndn,train,260,6,5,30,459
j.rndn.6x5.train.261,j,rndn,train,261,6,5,30,497
j.rndn.6x5.train.262,j,rndn,train,262,6,5,30,418
j.rndn.6x5.train.263,j,rndn,train,263,6,5,30,507
j.rndn.6x5.train.264,j,rndn,train,264,6,5,30,464
j.rndn.6x5.train.265,j,rndn,train,265,6,5,30,411
j.rndn.6x5.train.266,j,rndn,train,266,6,5,30,498
j.rndn.6x5.train.267,j,rndn,train,267,6,5,30,400
j.rndn.6x5.train.268,j,rndn,train,268,6,5,30,448
j.rndn.6x5.train.269,j,rndn,train,269,6,5,30,442
j.rndn.6x5.train.270,j,rndn,train,270,6,5,30,371
j.rndn.6x5.train.271,j,rndn,train,271,6,5,30,438
j.rndn.6x5.train.272,j,rndn,train,272,6,5,30,455
j.rndn.6x5.train.273,j,rndn,train,273,6,5,30,451
j.rndn.6x5.train.274,j,rndn,train,274,6,5,30,564
j.rndn.6x5.train.275,j,rndn,train,275,6,5,30,462
j.rndn.6x5.train.276,j,rndn,train,276,6,5,30,453
j.rndn.6x5.train.277,j,rndn,train,277,6,5,30,456
j.rndn.6x5.train.278,j,rndn,train,278,6,5,30,522
j.rndn.6x5.train.279,j,rndn,train,279,6,5,30,463
j.rndn.6x5.train.280,j,rndn,train,280,6,5,30,506
j.rndn.6x5.train.281,j,rndn,train,281,6,5,30,460
j.rndn.6x5.train.282,j,rndn,train,282,6,5,30,447
j.rndn.6x5.train.283,j,rndn,train,283,6,5,30,451
j.rndn.6x5.train.284,j,rndn,train,284,6,5,30,405
j.rndn.6x5.train.285,j,rndn,train,285,6,5,30,517
j.rndn.6x5.train.286,j,rndn,train,286,6,5,30,443
j.rndn.6x5.train.287,j,rndn,train,287,6,5,30,497
j.rndn.6x5.train.288,j,rndn,train,288,6,5,30,400
j.rndn.6x5.train.289,j,rndn,train,289,6,5,30,475
j.rndn.6x5.train.290,j,rndn,train,290,6,5,30,452
j.rndn.6x5.train.291,j,rndn,train,291,6,5,30,446
j.rndn.6x5.train.292,j,rndn,train,292,6,5,30,499
j.rndn.6x5.train.293,j,rndn,train,293,6,5,30,459
j.rndn.6x5.train.294,j,rndn,train,294,6,5,30,457
j.rndn.6x5.train.295,j,rndn,train,295,6,5,30,453
j.rndn.6x5.train.296,j,rndn,train,296,6,5,30,500
j.rndn.6x5.train.297,j,rndn,train,297,6,5,30,461
j.rndn.6x5.train.298,j,rndn,train,298,6,5,30,510
j.rndn.6x5.train.299,j,rndn,train,299,6,5,30,506
j.rndn.6x5.train.300,j,rndn,train,300,6,5,30,454
j.rndn.6x5.train.301,j,rndn,train,301,6,5,30,359
j.rndn.6x5.train.302,j,rndn,train,302,6,5,30,393
j.rndn.6x5.train.303,j,rndn,train,303,6,5,30,513
j.rndn.6x5.train.304,j,rndn,train,304,6,5,30,456
j.rndn.6x5.train.305,j,rndn,train,305,6,5,30,439
j.rndn.6x5.train.306,j,rndn,train,306,6,5,30,506
j.rndn.6x5.train.307,j,rndn,train,307,6,5,30,506
j.rndn.6x5.train.308,j,rndn,train,308,6,5,30,510
j.rndn.6x5.train.309,j,rndn,train,309,6,5,30,477
j.rndn.6x5.train.310,j,rndn,train,310,6,5,30,511
j.rndn.6x5.train.311,j,rndn,train,311,6,5,30,502
j.rndn.6x5.train.312,j,rndn,train,312,6,5,30,413
j.rndn.6x5.train.313,j,rndn,train,313,6,5,30,402
j.rndn.6x5.train.314,j,rndn,train,314,6,5,30,400
j.rndn.6x5.train.315,j,rndn,train,315,6,5,30,405
j.rndn.6x5.train.316,j,rndn,train,316,6,5,30,510
j.rndn.6x5.train.317,j,rndn,train,317,6,5,30,413
j.rndn.6x5.train.318,j,rndn,train,318,6,5,30,466
j.rndn.6x5.train.319,j,rndn,train,319,6,5,30,460
j.rndn.6x5.train.320,j,rndn,train,320,6,5,30,409
j.rndn.6x5.train.321,j,rndn,train,321,6,5,30,464
j.rndn.6x5.train.322,j,rndn,train,322,6,5,30,464
j.rndn.6x5.train.323,j,rndn,train,323,6,5,30,491
j.rndn.6x5.train.324,j,rndn,train,324,6,5,30,445
j.rndn.6x5.train.325,j,rndn,train,325,6,5,30,370
j.rndn.6x5.train.326,j,rndn,train,326,6,5,30,399
j.rndn.6x5.train.327,j,rndn,train,327,6,5,30,448
j.rndn.6x5.train.328,j,rndn,train,328,6,5,30,450
j.rndn.6x5.train.329,j,rndn,train,329,6,5,30,364
j.rndn.6x5.train.330,j,rndn,train,330,6,5,30,409
j.rndn.6x5.train.331,j,rndn,train,331,6,5,30,406
j.rndn.6x5.train.332,j,rndn,train,332,6,5,30,464
j.rndn.6x5.train.333,j,rndn,train,333,6,5,30,405
j.rndn.6x5.train.334,j,rndn,train,334,6,5,30,454
j.rndn.6x5.train.335,j,rndn,train,335,6,5,30,451
j.rndn.6x5.train.336,j,rndn,train,336,6,5,30,408
j.rndn.6x5.train.337,j,rndn,train,337,6,5,30,503
j.rndn.6x5.train.338,j,rndn,train,338,6,5,30,462
j.rndn.6x5.train.339,j,rndn,train,339,6,5,30,455
j.rndn.6x5.train.340,j,rndn,train,340,6,5,30,413
j.rndn.6x5.train.341,j,rndn,train,341,6,5,30,567
j.rndn.6x5.train.342,j,rndn,train,342,6,5,30,408
j.rndn.6x5.train.343,j,rndn,train,343,6,5,30,463
j.rndn.6x5.train.344,j,rndn,train,344,6,5,30,541
j.rndn.6x5.train.345,j,rndn,train,345,6,5,30,496
j.rndn.6x5.train.346,j,rndn,train,346,6,5,30,491
j.rndn.6x5.train.347,j,rndn,train,347,6,5,30,464
j.rndn.6x5.train.348,j,rndn,train,348,6,5,30,452
j.rndn.6x5.train.349,j,rndn,train,349,6,5,30,407
j.rndn.6x5.train.350,j,rndn,train,350,6,5,30,410
j.rndn.6x5.train.351,j,rndn,train,351,6,5,30,396
j.rndn.6x5.train.352,j,rndn,train,352,6,5,30,409
j.rndn.6x5.train.353,j,rndn,train,353,6,5,30,454
j.rndn.6x5.train.354,j,rndn,train,354,6,5,30,406
j.rndn.6x5.train.355,j,rndn,train,355,6,5,30,508
j.rndn.6x5.train.356,j,rndn,train,356,6,5,30,449
j.rndn.6x5.train.357,j,rndn,train,357,6,5,30,451
j.rndn.6x5.train.358,j,rndn,train,358,6,5,30,442
j.rndn.6x5.train.359,j,rndn,train,359,6,5,30,437
j.rndn.6x5.train.360,j,rndn,train,360,6,5,30,445
j.rndn.6x5.train.361,j,rndn,train,361,6,5,30,411
j.rndn.6x5.train.362,j,rndn,train,362,6,5,30,491
j.rndn.6x5.train.363,j,rndn,train,363,6,5,30,405
j.rndn.6x5.train.364,j,rndn,train,364,6,5,30,415
j.rndn.6x5.train.365,j,rndn,train,365,6,5,30,457
j.rndn.6x5.train.366,j,rndn,train,366,6,5,30,442
j.rndn.6x5.train.367,j,rndn,train,367,6,5,30,462
j.rndn.6x5.train.368,j,rndn,train,368,6,5,30,389
j.rndn.6x5.train.369,j,rndn,train,369,6,5,30,359
j.rndn.6x5.train.370,j,rndn,train,370,6,5,30,514
j.rndn.6x5.train.371,j,rndn,train,371,6,5,30,444
j.rndn.6x5.train.372,j,rndn,train,372,6,5,30,455
j.rndn.6x5.train.373,j,rndn,train,373,6,5,30,408
j.rndn.6x5.train.374,j,rndn,train,374,6,5,30,460
j.rndn.6x5.train.375,j,rndn,train,375,6,5,30,401
j.rndn.6x5.train.376,j,rndn,train,376,6,5,30,411
j.rndn.6x5.train.377,j,rndn,train,377,6,5,30,365
j.rndn.6x5.train.378,j,rndn,train,378,6,5,30,392
j.rndn.6x5.train.379,j,rndn,train,379,6,5,30,448
j.rndn.6x5.train.380,j,rndn,train,380,6,5,30,495
j.rndn.6x5.train.381,j,rndn,train,381,6,5,30,448
j.rndn.6x5.train.382,j,rndn,train,382,6,5,30,447
j.rndn.6x5.train.383,j,rndn,train,383,6,5,30,399
j.rndn.6x5.train.384,j,rndn,train,384,6,5,30,402
j.rndn.6x5.train.385,j,rndn,train,385,6,5,30,503
j.rndn.6x5.train.386,j,rndn,train,386,6,5,30,455
j.rndn.6x5.train.387,j,rndn,train,387,6,5,30,418
j.rndn.6x5.train.388,j,rndn,train,388,6,5,30,496
j.rndn.6x5.train.389,j,rndn,train,389,6,5,30,409
j.rndn.6x5.train.390,j,rndn,train,390,6,5,30,471
j.rndn.6x5.train.391,j,rndn,train,391,6,5,30,454
j.rndn.6x5.train.392,j,rndn,train,392,6,5,30,446
j.rndn.6x5.train.393,j,rndn,train,393,6,5,30,449
j.rndn.6x5.train.394,j,rndn,train,394,6,5,30,452
j.rndn.6x5.train.395,j,rndn,train,395,6,5,30,451
j.rndn.6x5.train.396,j,rndn,train,396,6,5,30,493
j.rndn.6x5.train.397,j,rndn,train,397,6,5,30,510
j.rndn.6x5.train.398,j,rndn,train,398,6,5,30,465
j.rndn.6x5.train.399,j,rndn,train,399,6,5,30,455
j.rndn.6x5.train.400,j,rndn,train,400,6,5,30,460
j.rndn.6x5.train.401,j,rndn,train,401,6,5,30,441
j.rndn.6x5.train.402,j,rndn,train,402,6,5,30,421
j.rndn.6x5.train.403,j,rndn,train,403,6,5,30,457
j.rndn.6x5.train.404,j,rndn,train,404,6,5,30,447
j.rndn.6x5.train.405,j,rndn,train,405,6,5,30,507
j.rndn.6x5.train.406,j,rndn,train,406,6,5,30,452
j.rndn.6x5.train.407,j,rndn,train,407,6,5,30,401
j.rndn.6x5.train.408,j,rndn,train,408,6,5,30,466
j.rndn.6x5.train.409,j,rndn,train,409,6,5,30,407
j.rndn.6x5.train.410,j,rndn,train,410,6,5,30,452
j.rndn.6x5.train.411,j,rndn,train,411,6,5,30,454
j.rndn.6x5.train.412,j,rndn,train,412,6,5,30,408
j.rndn.6x5.train.413,j,rndn,train,413,6,5,30,400
j.rndn.6x5.train.414,j,rndn,train,414,6,5,30,406
j.rndn.6x5.train.415,j,rndn,train,415,6,5,30,499
j.rndn.6x5.train.416,j,rndn,train,416,6,5,30,452
j.rndn.6x5.train.417,j,rndn,train,417,6,5,30,463
j.rndn.6x5.train.418,j,rndn,train,418,6,5,30,419
j.rndn.6x5.train.419,j,rndn,train,419,6,5,30,457
j.rndn.6x5.train.420,j,rndn,train,420,6,5,30,412
j.rndn.6x5.train.421,j,rndn,train,421,6,5,30,394
j.rndn.6x5.train.422,j,rndn,train,422,6,5,30,449
j.rndn.6x5.train.423,j,rndn,train,423,6,5,30,356
j.rndn.6x5.train.424,j,rndn,train,424,6,5,30,461
j.rndn.6x5.train.425,j,rndn,train,425,6,5,30,463
j.rndn.6x5.train.426,j,rndn,train,426,6,5,30,467
j.rndn.6x5.train.427,j,rndn,train,427,6,5,30,398
j.rndn.6x5.train.428,j,rndn,train,428,6,5,30,454
j.rndn.6x5.train.429,j,rndn,train,429,6,5,30,446
j.rndn.6x5.train.430,j,rndn,train,430,6,5,30,511
j.rndn.6x5.train.431,j,rndn,train,431,6,5,30,466
j.rndn.6x5.train.432,j,rndn,train,432,6,5,30,450
j.rndn.6x5.train.433,j,rndn,train,433,6,5,30,502
j.rndn.6x5.train.434,j,rndn,train,434,6,5,30,507
j.rndn.6x5.train.435,j,rndn,train,435,6,5,30,416
j.rndn.6x5.train.436,j,rndn,train,436,6,5,30,396
j.rndn.6x5.train.437,j,rndn,train,437,6,5,30,416
j.rndn.6x5.train.438,j,rndn,train,438,6,5,30,447
j.rndn.6x5.train.439,j,rndn,train,439,6,5,30,449
j.rndn.6x5.train.440,j,rndn,train,440,6,5,30,504
j.rndn.6x5.train.441,j,rndn,train,441,6,5,30,404
j.rndn.6x5.train.442,j,rndn,train,442,6,5,30,412
j.rndn.6x5.train.443,j,rndn,train,443,6,5,30,507
j.rndn.6x5.train.444,j,rndn,train,444,6,5,30,451
j.rndn.6x5.train.445,j,rndn,train,445,6,5,30,409
j.rndn.6x5.train.446,j,rndn,train,446,6,5,30,403
j.rndn.6x5.train.447,j,rndn,train,447,6,5,30,412
j.rndn.6x5.train.448,j,rndn,train,448,6,5,30,402
j.rndn.6x5.train.449,j,rndn,train,449,6,5,30,408
j.rndn.6x5.train.450,j,rndn,train,450,6,5,30,452
j.rndn.6x5.train.451,j,rndn,train,451,6,5,30,449
j.rndn.6x5.train.452,j,rndn,train,452,6,5,30,554
j.rndn.6x5.train.453,j,rndn,train,453,6,5,30,491
j.rndn.6x5.train.454,j,rndn,train,454,6,5,30,452
j.rndn.6x5.train.455,j,rndn,train,455,6,5,30,503
j.rndn.6x5.train.456,j,rndn,train,456,6,5,30,453
j.rndn.6x5.train.457,j,rndn,train,457,6,5,30,510
j.rndn.6x5.train.458,j,rndn,train,458,6,5,30,503
j.rndn.6x5.train.459,j,rndn,train,459,6,5,30,498
j.rndn.6x5.train.460,j,rndn,train,460,6,5,30,467
j.rndn.6x5.train.461,j,rndn,train,461,6,5,30,443
j.rndn.6x5.train.462,j,rndn,train,462,6,5,30,460
j.rndn.6x5.train.463,j,rndn,train,463,6,5,30,451
j.rndn.6x5.train.464,j,rndn,train,464,6,5,30,483
j.rndn.6x5.train.465,j,rndn,train,465,6,5,30,545
j.rndn.6x5.train.466,j,rndn,train,466,6,5,30,493
j.rndn.6x5.train.467,j,rndn,train,467,6,5,30,449
j.rndn.6x5.train.468,j,rndn,train,468,6,5,30,460
j.rndn.6x5.train.469,j,rndn,train,469,6,5,30,451
j.rndn.6x5.train.470,j,rndn,train,470,6,5,30,448
j.rndn.6x5.train.471,j,rndn,train,471,6,5,30,462
j.rndn.6x5.train.472,j,rndn,train,472,6,5,30,410
j.rndn.6x5.train.473,j,rndn,train,473,6,5,30,501
j.rndn.6x5.train.474,j,rndn,train,474,6,5,30,495
j.rndn.6x5.train.475,j,rndn,train,475,6,5,30,422
j.rndn.6x5.train.476,j,rndn,train,476,6,5,30,554
j.rndn.6x5.train.477,j,rndn,train,477,6,5,30,447
j.rndn.6x5.train.478,j,rndn,train,478,6,5,30,453
j.rndn.6x5.train.479,j,rndn,train,479,6,5,30,445
j.rndn.6x5.train.480,j,rndn,train,480,6,5,30,427
j.rndn.6x5.train.481,j,rndn,train,481,6,5,30,358
j.rndn.6x5.train.482,j,rndn,train,482,6,5,30,481
j.rndn.6x5.train.483,j,rndn,train,483,6,5,30,482
j.rndn.6x5.train.484,j,rndn,train,484,6,5,30,409
j.rndn.6x5.train.485,j,rndn,train,485,6,5,30,483
j.rndn.6x5.train.486,j,rndn,train,486,6,5,30,504
j.rndn.6x5.train.487,j,rndn,train,487,6,5,30,459
j.rndn.6x5.train.488,j,rndn,train,488,6,5,30,506
j.rndn.6x5.train.489,j,rndn,train,489,6,5,30,361
j.rndn.6x5.train.490,j,rndn,train,490,6,5,30,447
j.rndn.6x5.train.491,j,rndn,train,491,6,5,30,414
j.rndn.6x5.train.492,j,rndn,train,492,6,5,30,406
j.rndn.6x5.train.493,j,rndn,train,493,6,5,30,416
j.rndn.6x5.train.494,j,rndn,train,494,6,5,30,413
j.rndn.6x5.train.495,j,rndn,train,495,6,5,30,409
j.rndn.6x5.train.496,j,rndn,train,496,6,5,30,461
j.rndn.6x5.train.497,j,rndn,train,497,6,5,30,414
j.rndn.6x5.train.498,j,rndn,train,498,6,5,30,457
j.rndn.6x5.train.499,j,rndn,train,499,6,5,30,460
j.rndn.6x5.train.500,j,rndn,train,500,6,5,30,505
