Name,SDR,Makespan
f.rndn.12x12.train.1,SPT,1467
f.rndn.12x12.train.2,SPT,1492
f.rndn.12x12.train.3,SPT,1578
f.rndn.12x12.train.4,SPT,1433
f.rndn.12x12.train.5,SPT,1444
f.rndn.12x12.train.6,SPT,1420
f.rndn.12x12.train.7,SPT,1559
f.rndn.12x12.train.8,SPT,1556
f.rndn.12x12.train.9,SPT,1443
f.rndn.12x12.train.10,SPT,1610
f.rndn.12x12.train.11,SPT,1419
f.rndn.12x12.train.12,SPT,1492
f.rndn.12x12.train.13,SPT,1481
f.rndn.12x12.train.14,SPT,1413
f.rndn.12x12.train.15,SPT,1522
f.rndn.12x12.train.16,SPT,1561
f.rndn.12x12.train.17,SPT,1467
f.rndn.12x12.train.18,SPT,1449
f.rndn.12x12.train.19,SPT,1586
f.rndn.12x12.train.20,SPT,1454
f.rndn.12x12.train.21,SPT,1407
f.rndn.12x12.train.22,SPT,1455
f.rndn.12x12.train.23,SPT,1472
f.rndn.12x12.train.24,SPT,1528
f.rndn.12x12.train.25,SPT,1433
f.rndn.12x12.train.26,SPT,1420
f.rndn.12x12.train.27,SPT,1518
f.rndn.12x12.train.28,SPT,1443
f.rndn.12x12.train.29,SPT,1415
f.rndn.12x12.train.30,SPT,1466
f.rndn.12x12.train.31,SPT,1403
f.rndn.12x12.train.32,SPT,1453
f.rndn.12x12.train.33,SPT,1509
f.rndn.12x12.train.34,SPT,1486
f.rndn.12x12.train.35,SPT,1489
f.rndn.12x12.train.36,SPT,1359
f.rndn.12x12.train.37,SPT,1507
f.rndn.12x12.train.38,SPT,1403
f.rndn.12x12.train.39,SPT,1556
f.rndn.12x12.train.40,SPT,1406
f.rndn.12x12.train.41,SPT,1403
f.rndn.12x12.train.42,SPT,1557
f.rndn.12x12.train.43,SPT,1400
f.rndn.12x12.train.44,SPT,1449
f.rndn.12x12.train.45,SPT,1442
f.rndn.12x12.train.46,SPT,1423
f.rndn.12x12.train.47,SPT,1358
f.rndn.12x12.train.48,SPT,1558
f.rndn.12x12.train.49,SPT,1517
f.rndn.12x12.train.50,SPT,1456
f.rndn.12x12.train.51,SPT,1418
f.rndn.12x12.train.52,SPT,1545
f.rndn.12x12.train.53,SPT,1529
f.rndn.12x12.train.54,SPT,1513
f.rndn.12x12.train.55,SPT,1429
f.rndn.12x12.train.56,SPT,1498
f.rndn.12x12.train.57,SPT,1547
f.rndn.12x12.train.58,SPT,1439
f.rndn.12x12.train.59,SPT,1486
f.rndn.12x12.train.60,SPT,1590
f.rndn.12x12.train.61,SPT,1464
f.rndn.12x12.train.62,SPT,1486
f.rndn.12x12.train.63,SPT,1436
f.rndn.12x12.train.64,SPT,1422
f.rndn.12x12.train.65,SPT,1470
f.rndn.12x12.train.66,SPT,1406
f.rndn.12x12.train.67,SPT,1572
f.rndn.12x12.train.68,SPT,1643
f.rndn.12x12.train.69,SPT,1532
f.rndn.12x12.train.70,SPT,1558
f.rndn.12x12.train.71,SPT,1482
f.rndn.12x12.train.72,SPT,1402
f.rndn.12x12.train.73,SPT,1511
f.rndn.12x12.train.74,SPT,1449
f.rndn.12x12.train.75,SPT,1417
f.rndn.12x12.train.76,SPT,1690
f.rndn.12x12.train.77,SPT,1435
f.rndn.12x12.train.78,SPT,1506
f.rndn.12x12.train.79,SPT,1481
f.rndn.12x12.train.80,SPT,1594
f.rndn.12x12.train.81,SPT,1557
f.rndn.12x12.train.82,SPT,1507
f.rndn.12x12.train.83,SPT,1417
f.rndn.12x12.train.84,SPT,1415
f.rndn.12x12.train.85,SPT,1458
f.rndn.12x12.train.86,SPT,1521
f.rndn.12x12.train.87,SPT,1462
f.rndn.12x12.train.88,SPT,1470
f.rndn.12x12.train.89,SPT,1545
f.rndn.12x12.train.90,SPT,1470
f.rndn.12x12.train.91,SPT,1474
f.rndn.12x12.train.92,SPT,1469
f.rndn.12x12.train.93,SPT,1562
f.rndn.12x12.train.94,SPT,1474
f.rndn.12x12.train.95,SPT,1433
f.rndn.12x12.train.96,SPT,1431
f.rndn.12x12.train.97,SPT,1536
f.rndn.12x12.train.98,SPT,1458
f.rndn.12x12.train.99,SPT,1431
f.rndn.12x12.train.100,SPT,1490
f.rndn.12x12.train.101,SPT,1480
f.rndn.12x12.train.102,SPT,1558
f.rndn.12x12.train.103,SPT,1466
f.rndn.12x12.train.104,SPT,1460
f.rndn.12x12.train.105,SPT,1525
f.rndn.12x12.train.106,SPT,1484
f.rndn.12x12.train.107,SPT,1461
f.rndn.12x12.train.108,SPT,1464
f.rndn.12x12.train.109,SPT,1457
f.rndn.12x12.train.110,SPT,1528
f.rndn.12x12.train.111,SPT,1585
f.rndn.12x12.train.112,SPT,1417
f.rndn.12x12.train.113,SPT,1379
f.rndn.12x12.train.114,SPT,1435
f.rndn.12x12.train.115,SPT,1577
f.rndn.12x12.train.116,SPT,1391
f.rndn.12x12.train.117,SPT,1537
f.rndn.12x12.train.118,SPT,1681
f.rndn.12x12.train.119,SPT,1505
f.rndn.12x12.train.120,SPT,1411
f.rndn.12x12.train.121,SPT,1473
f.rndn.12x12.train.122,SPT,1602
f.rndn.12x12.train.123,SPT,1542
f.rndn.12x12.train.124,SPT,1441
f.rndn.12x12.train.125,SPT,1449
f.rndn.12x12.train.126,SPT,1471
f.rndn.12x12.train.127,SPT,1508
f.rndn.12x12.train.128,SPT,1407
f.rndn.12x12.train.129,SPT,1487
f.rndn.12x12.train.130,SPT,1460
f.rndn.12x12.train.131,SPT,1513
f.rndn.12x12.train.132,SPT,1559
f.rndn.12x12.train.133,SPT,1474
f.rndn.12x12.train.134,SPT,1513
f.rndn.12x12.train.135,SPT,1483
f.rndn.12x12.train.136,SPT,1428
f.rndn.12x12.train.137,SPT,1634
f.rndn.12x12.train.138,SPT,1512
f.rndn.12x12.train.139,SPT,1402
f.rndn.12x12.train.140,SPT,1518
f.rndn.12x12.train.141,SPT,1523
f.rndn.12x12.train.142,SPT,1476
f.rndn.12x12.train.143,SPT,1513
f.rndn.12x12.train.144,SPT,1552
f.rndn.12x12.train.145,SPT,1515
f.rndn.12x12.train.146,SPT,1553
f.rndn.12x12.train.147,SPT,1418
f.rndn.12x12.train.148,SPT,1552
f.rndn.12x12.train.149,SPT,1466
f.rndn.12x12.train.150,SPT,1371
f.rndn.12x12.train.151,SPT,1470
f.rndn.12x12.train.152,SPT,1378
f.rndn.12x12.train.153,SPT,1462
f.rndn.12x12.train.154,SPT,1520
f.rndn.12x12.train.155,SPT,1416
f.rndn.12x12.train.156,SPT,1549
f.rndn.12x12.train.157,SPT,1493
f.rndn.12x12.train.158,SPT,1561
f.rndn.12x12.train.159,SPT,1470
f.rndn.12x12.train.160,SPT,1530
f.rndn.12x12.train.161,SPT,1439
f.rndn.12x12.train.162,SPT,1489
f.rndn.12x12.train.163,SPT,1480
f.rndn.12x12.train.164,SPT,1514
f.rndn.12x12.train.165,SPT,1609
f.rndn.12x12.train.166,SPT,1589
f.rndn.12x12.train.167,SPT,1408
f.rndn.12x12.train.168,SPT,1455
f.rndn.12x12.train.169,SPT,1509
f.rndn.12x12.train.170,SPT,1466
f.rndn.12x12.train.171,SPT,1516
f.rndn.12x12.train.172,SPT,1312
f.rndn.12x12.train.173,SPT,1423
f.rndn.12x12.train.174,SPT,1396
f.rndn.12x12.train.175,SPT,1367
f.rndn.12x12.train.176,SPT,1408
f.rndn.12x12.train.177,SPT,1524
f.rndn.12x12.train.178,SPT,1474
f.rndn.12x12.train.179,SPT,1414
f.rndn.12x12.train.180,SPT,1438
f.rndn.12x12.train.181,SPT,1514
f.rndn.12x12.train.182,SPT,1456
f.rndn.12x12.train.183,SPT,1510
f.rndn.12x12.train.184,SPT,1435
f.rndn.12x12.train.185,SPT,1518
f.rndn.12x12.train.186,SPT,1464
f.rndn.12x12.train.187,SPT,1539
f.rndn.12x12.train.188,SPT,1509
f.rndn.12x12.train.189,SPT,1386
f.rndn.12x12.train.190,SPT,1643
f.rndn.12x12.train.191,SPT,1468
f.rndn.12x12.train.192,SPT,1437
f.rndn.12x12.train.193,SPT,1575
f.rndn.12x12.train.194,SPT,1503
f.rndn.12x12.train.195,SPT,1614
f.rndn.12x12.train.196,SPT,1349
f.rndn.12x12.train.197,SPT,1489
f.rndn.12x12.train.198,SPT,1463
f.rndn.12x12.train.199,SPT,1649
f.rndn.12x12.train.200,SPT,1427
f.rndn.12x12.train.201,SPT,1418
f.rndn.12x12.train.202,SPT,1504
f.rndn.12x12.train.203,SPT,1457
f.rndn.12x12.train.204,SPT,1459
f.rndn.12x12.train.205,SPT,1518
f.rndn.12x12.train.206,SPT,1489
f.rndn.12x12.train.207,SPT,1461
f.rndn.12x12.train.208,SPT,1496
f.rndn.12x12.train.209,SPT,1506
f.rndn.12x12.train.210,SPT,1404
f.rndn.12x12.train.211,SPT,1487
f.rndn.12x12.train.212,SPT,1504
f.rndn.12x12.train.213,SPT,1611
f.rndn.12x12.train.214,SPT,1530
f.rndn.12x12.train.215,SPT,1548
f.rndn.12x12.train.216,SPT,1407
f.rndn.12x12.train.217,SPT,1506
f.rndn.12x12.train.218,SPT,1482
f.rndn.12x12.train.219,SPT,1495
f.rndn.12x12.train.220,SPT,1437
f.rndn.12x12.train.221,SPT,1388
f.rndn.12x12.train.222,SPT,1484
f.rndn.12x12.train.223,SPT,1477
f.rndn.12x12.train.224,SPT,1474
f.rndn.12x12.train.225,SPT,1453
f.rndn.12x12.train.226,SPT,1454
f.rndn.12x12.train.227,SPT,1532
f.rndn.12x12.train.228,SPT,1518
f.rndn.12x12.train.229,SPT,1416
f.rndn.12x12.train.230,SPT,1437
f.rndn.12x12.train.231,SPT,1428
f.rndn.12x12.train.232,SPT,1572
f.rndn.12x12.train.233,SPT,1439
f.rndn.12x12.train.234,SPT,1413
f.rndn.12x12.train.235,SPT,1426
f.rndn.12x12.train.236,SPT,1404
f.rndn.12x12.train.237,SPT,1434
f.rndn.12x12.train.238,SPT,1416
f.rndn.12x12.train.239,SPT,1605
f.rndn.12x12.train.240,SPT,1480
f.rndn.12x12.train.241,SPT,1604
f.rndn.12x12.train.242,SPT,1449
f.rndn.12x12.train.243,SPT,1518
f.rndn.12x12.train.244,SPT,1449
f.rndn.12x12.train.245,SPT,1497
f.rndn.12x12.train.246,SPT,1412
f.rndn.12x12.train.247,SPT,1493
f.rndn.12x12.train.248,SPT,1459
f.rndn.12x12.train.249,SPT,1505
f.rndn.12x12.train.250,SPT,1591
f.rndn.12x12.train.251,SPT,1422
f.rndn.12x12.train.252,SPT,1410
f.rndn.12x12.train.253,SPT,1600
f.rndn.12x12.train.254,SPT,1604
f.rndn.12x12.train.255,SPT,1444
f.rndn.12x12.train.256,SPT,1514
f.rndn.12x12.train.257,SPT,1493
f.rndn.12x12.train.258,SPT,1395
f.rndn.12x12.train.259,SPT,1522
f.rndn.12x12.train.260,SPT,1364
f.rndn.12x12.train.261,SPT,1415
f.rndn.12x12.train.262,SPT,1418
f.rndn.12x12.train.263,SPT,1520
f.rndn.12x12.train.264,SPT,1479
f.rndn.12x12.train.265,SPT,1432
f.rndn.12x12.train.266,SPT,1540
f.rndn.12x12.train.267,SPT,1419
f.rndn.12x12.train.268,SPT,1500
f.rndn.12x12.train.269,SPT,1357
f.rndn.12x12.train.270,SPT,1425
f.rndn.12x12.train.271,SPT,1585
f.rndn.12x12.train.272,SPT,1564
f.rndn.12x12.train.273,SPT,1466
f.rndn.12x12.train.274,SPT,1491
f.rndn.12x12.train.275,SPT,1428
f.rndn.12x12.train.276,SPT,1443
f.rndn.12x12.train.277,SPT,1684
f.rndn.12x12.train.278,SPT,1370
f.rndn.12x12.train.279,SPT,1635
f.rndn.12x12.train.280,SPT,1464
f.rndn.12x12.train.281,SPT,1555
f.rndn.12x12.train.282,SPT,1443
f.rndn.12x12.train.283,SPT,1508
f.rndn.12x12.train.284,SPT,1523
f.rndn.12x12.train.285,SPT,1494
f.rndn.12x12.train.286,SPT,1505
f.rndn.12x12.train.287,SPT,1433
f.rndn.12x12.train.288,SPT,1494
f.rndn.12x12.train.289,SPT,1473
f.rndn.12x12.train.290,SPT,1354
f.rndn.12x12.train.291,SPT,1428
f.rndn.12x12.train.292,SPT,1452
f.rndn.12x12.train.293,SPT,1457
f.rndn.12x12.train.294,SPT,1410
f.rndn.12x12.train.295,SPT,1551
f.rndn.12x12.train.296,SPT,1378
f.rndn.12x12.train.297,SPT,1419
f.rndn.12x12.train.298,SPT,1511
f.rndn.12x12.train.299,SPT,1483
f.rndn.12x12.train.300,SPT,1493
f.rndn.12x12.train.301,SPT,1409
f.rndn.12x12.train.302,SPT,1525
f.rndn.12x12.train.303,SPT,1563
f.rndn.12x12.train.304,SPT,1409
f.rndn.12x12.train.305,SPT,1533
f.rndn.12x12.train.306,SPT,1461
f.rndn.12x12.train.307,SPT,1491
f.rndn.12x12.train.308,SPT,1418
f.rndn.12x12.train.309,SPT,1524
f.rndn.12x12.train.310,SPT,1534
f.rndn.12x12.train.311,SPT,1522
f.rndn.12x12.train.312,SPT,1345
f.rndn.12x12.train.313,SPT,1401
f.rndn.12x12.train.314,SPT,1425
f.rndn.12x12.train.315,SPT,1388
f.rndn.12x12.train.316,SPT,1478
f.rndn.12x12.train.317,SPT,1456
f.rndn.12x12.train.318,SPT,1349
f.rndn.12x12.train.319,SPT,1481
f.rndn.12x12.train.320,SPT,1433
f.rndn.12x12.train.321,SPT,1448
f.rndn.12x12.train.322,SPT,1465
f.rndn.12x12.train.323,SPT,1395
f.rndn.12x12.train.324,SPT,1447
f.rndn.12x12.train.325,SPT,1439
f.rndn.12x12.train.326,SPT,1463
f.rndn.12x12.train.327,SPT,1484
f.rndn.12x12.train.328,SPT,1417
f.rndn.12x12.train.329,SPT,1511
f.rndn.12x12.train.330,SPT,1463
f.rndn.12x12.train.331,SPT,1371
f.rndn.12x12.train.332,SPT,1406
f.rndn.12x12.train.333,SPT,1542
f.rndn.12x12.train.334,SPT,1413
f.rndn.12x12.train.335,SPT,1375
f.rndn.12x12.train.336,SPT,1438
f.rndn.12x12.train.337,SPT,1549
f.rndn.12x12.train.338,SPT,1388
f.rndn.12x12.train.339,SPT,1393
f.rndn.12x12.train.340,SPT,1363
f.rndn.12x12.train.341,SPT,1427
f.rndn.12x12.train.342,SPT,1424
f.rndn.12x12.train.343,SPT,1384
f.rndn.12x12.train.344,SPT,1441
f.rndn.12x12.train.345,SPT,1507
f.rndn.12x12.train.346,SPT,1575
f.rndn.12x12.train.347,SPT,1429
f.rndn.12x12.train.348,SPT,1454
f.rndn.12x12.train.349,SPT,1646
f.rndn.12x12.train.350,SPT,1432
f.rndn.12x12.train.351,SPT,1469
f.rndn.12x12.train.352,SPT,1536
f.rndn.12x12.train.353,SPT,1539
f.rndn.12x12.train.354,SPT,1529
f.rndn.12x12.train.355,SPT,1584
f.rndn.12x12.train.356,SPT,1427
f.rndn.12x12.train.357,SPT,1493
f.rndn.12x12.train.358,SPT,1408
f.rndn.12x12.train.359,SPT,1552
f.rndn.12x12.train.360,SPT,1422
f.rndn.12x12.train.361,SPT,1387
f.rndn.12x12.train.362,SPT,1476
f.rndn.12x12.train.363,SPT,1498
f.rndn.12x12.train.364,SPT,1453
f.rndn.12x12.train.365,SPT,1499
f.rndn.12x12.train.366,SPT,1508
f.rndn.12x12.train.367,SPT,1591
f.rndn.12x12.train.368,SPT,1419
f.rndn.12x12.train.369,SPT,1506
f.rndn.12x12.train.370,SPT,1355
f.rndn.12x12.train.371,SPT,1569
f.rndn.12x12.train.372,SPT,1414
f.rndn.12x12.train.373,SPT,1505
f.rndn.12x12.train.374,SPT,1388
f.rndn.12x12.train.375,SPT,1453
f.rndn.12x12.train.376,SPT,1463
f.rndn.12x12.train.377,SPT,1409
f.rndn.12x12.train.378,SPT,1483
f.rndn.12x12.train.379,SPT,1524
f.rndn.12x12.train.380,SPT,1487
f.rndn.12x12.train.381,SPT,1437
f.rndn.12x12.train.382,SPT,1435
f.rndn.12x12.train.383,SPT,1502
f.rndn.12x12.train.384,SPT,1459
f.rndn.12x12.train.385,SPT,1473
f.rndn.12x12.train.386,SPT,1502
f.rndn.12x12.train.387,SPT,1423
f.rndn.12x12.train.388,SPT,1411
f.rndn.12x12.train.389,SPT,1519
f.rndn.12x12.train.390,SPT,1437
f.rndn.12x12.train.391,SPT,1555
f.rndn.12x12.train.392,SPT,1506
f.rndn.12x12.train.393,SPT,1496
f.rndn.12x12.train.394,SPT,1495
f.rndn.12x12.train.395,SPT,1490
f.rndn.12x12.train.396,SPT,1501
f.rndn.12x12.train.397,SPT,1574
f.rndn.12x12.train.398,SPT,1494
f.rndn.12x12.train.399,SPT,1458
f.rndn.12x12.train.400,SPT,1545
f.rndn.12x12.train.401,SPT,1496
f.rndn.12x12.train.402,SPT,1567
f.rndn.12x12.train.403,SPT,1403
f.rndn.12x12.train.404,SPT,1405
f.rndn.12x12.train.405,SPT,1486
f.rndn.12x12.train.406,SPT,1476
f.rndn.12x12.train.407,SPT,1518
f.rndn.12x12.train.408,SPT,1523
f.rndn.12x12.train.409,SPT,1498
f.rndn.12x12.train.410,SPT,1472
f.rndn.12x12.train.411,SPT,1406
f.rndn.12x12.train.412,SPT,1414
f.rndn.12x12.train.413,SPT,1520
f.rndn.12x12.train.414,SPT,1467
f.rndn.12x12.train.415,SPT,1428
f.rndn.12x12.train.416,SPT,1626
f.rndn.12x12.train.417,SPT,1454
f.rndn.12x12.train.418,SPT,1443
f.rndn.12x12.train.419,SPT,1515
f.rndn.12x12.train.420,SPT,1565
f.rndn.12x12.train.421,SPT,1465
f.rndn.12x12.train.422,SPT,1381
f.rndn.12x12.train.423,SPT,1437
f.rndn.12x12.train.424,SPT,1489
f.rndn.12x12.train.425,SPT,1415
f.rndn.12x12.train.426,SPT,1498
f.rndn.12x12.train.427,SPT,1579
f.rndn.12x12.train.428,SPT,1516
f.rndn.12x12.train.429,SPT,1524
f.rndn.12x12.train.430,SPT,1400
f.rndn.12x12.train.431,SPT,1394
f.rndn.12x12.train.432,SPT,1505
f.rndn.12x12.train.433,SPT,1468
f.rndn.12x12.train.434,SPT,1550
f.rndn.12x12.train.435,SPT,1458
f.rndn.12x12.train.436,SPT,1461
f.rndn.12x12.train.437,SPT,1481
f.rndn.12x12.train.438,SPT,1550
f.rndn.12x12.train.439,SPT,1513
f.rndn.12x12.train.440,SPT,1631
f.rndn.12x12.train.441,SPT,1645
f.rndn.12x12.train.442,SPT,1414
f.rndn.12x12.train.443,SPT,1527
f.rndn.12x12.train.444,SPT,1510
f.rndn.12x12.train.445,SPT,1497
f.rndn.12x12.train.446,SPT,1432
f.rndn.12x12.train.447,SPT,1318
f.rndn.12x12.train.448,SPT,1511
f.rndn.12x12.train.449,SPT,1418
f.rndn.12x12.train.450,SPT,1406
f.rndn.12x12.train.451,SPT,1519
f.rndn.12x12.train.452,SPT,1544
f.rndn.12x12.train.453,SPT,1555
f.rndn.12x12.train.454,SPT,1383
f.rndn.12x12.train.455,SPT,1463
f.rndn.12x12.train.456,SPT,1534
f.rndn.12x12.train.457,SPT,1424
f.rndn.12x12.train.458,SPT,1491
f.rndn.12x12.train.459,SPT,1392
f.rndn.12x12.train.460,SPT,1567
f.rndn.12x12.train.461,SPT,1615
f.rndn.12x12.train.462,SPT,1443
f.rndn.12x12.train.463,SPT,1421
f.rndn.12x12.train.464,SPT,1429
f.rndn.12x12.train.465,SPT,1470
f.rndn.12x12.train.466,SPT,1495
f.rndn.12x12.train.467,SPT,1430
f.rndn.12x12.train.468,SPT,1377
f.rndn.12x12.train.469,SPT,1475
f.rndn.12x12.train.470,SPT,1551
f.rndn.12x12.train.471,SPT,1451
f.rndn.12x12.train.472,SPT,1584
f.rndn.12x12.train.473,SPT,1412
f.rndn.12x12.train.474,SPT,1452
f.rndn.12x12.train.475,SPT,1531
f.rndn.12x12.train.476,SPT,1529
f.rndn.12x12.train.477,SPT,1377
f.rndn.12x12.train.478,SPT,1548
f.rndn.12x12.train.479,SPT,1512
f.rndn.12x12.train.480,SPT,1403
f.rndn.12x12.train.481,SPT,1551
f.rndn.12x12.train.482,SPT,1537
f.rndn.12x12.train.483,SPT,1608
f.rndn.12x12.train.484,SPT,1479
f.rndn.12x12.train.485,SPT,1564
f.rndn.12x12.train.486,SPT,1472
f.rndn.12x12.train.487,SPT,1459
f.rndn.12x12.train.488,SPT,1504
f.rndn.12x12.train.489,SPT,1461
f.rndn.12x12.train.490,SPT,1510
f.rndn.12x12.train.491,SPT,1509
f.rndn.12x12.train.492,SPT,1452
f.rndn.12x12.train.493,SPT,1435
f.rndn.12x12.train.494,SPT,1530
f.rndn.12x12.train.495,SPT,1451
f.rndn.12x12.train.496,SPT,1498
f.rndn.12x12.train.497,SPT,1486
f.rndn.12x12.train.498,SPT,1400
f.rndn.12x12.train.499,SPT,1422
f.rndn.12x12.train.500,SPT,1359
f.rndn.12x12.train.1,LPT,1435
f.rndn.12x12.train.2,LPT,1360
f.rndn.12x12.train.3,LPT,1393
f.rndn.12x12.train.4,LPT,1283
f.rndn.12x12.train.5,LPT,1355
f.rndn.12x12.train.6,LPT,1353
f.rndn.12x12.train.7,LPT,1357
f.rndn.12x12.train.8,LPT,1435
f.rndn.12x12.train.9,LPT,1320
f.rndn.12x12.train.10,LPT,1338
f.rndn.12x12.train.11,LPT,1375
f.rndn.12x12.train.12,LPT,1328
f.rndn.12x12.train.13,LPT,1465
f.rndn.12x12.train.14,LPT,1338
f.rndn.12x12.train.15,LPT,1316
f.rndn.12x12.train.16,LPT,1341
f.rndn.12x12.train.17,LPT,1372
f.rndn.12x12.train.18,LPT,1341
f.rndn.12x12.train.19,LPT,1254
f.rndn.12x12.train.20,LPT,1373
f.rndn.12x12.train.21,LPT,1271
f.rndn.12x12.train.22,LPT,1279
f.rndn.12x12.train.23,LPT,1382
f.rndn.12x12.train.24,LPT,1343
f.rndn.12x12.train.25,LPT,1402
f.rndn.12x12.train.26,LPT,1366
f.rndn.12x12.train.27,LPT,1314
f.rndn.12x12.train.28,LPT,1384
f.rndn.12x12.train.29,LPT,1335
f.rndn.12x12.train.30,LPT,1340
f.rndn.12x12.train.31,LPT,1347
f.rndn.12x12.train.32,LPT,1398
f.rndn.12x12.train.33,LPT,1391
f.rndn.12x12.train.34,LPT,1369
f.rndn.12x12.train.35,LPT,1378
f.rndn.12x12.train.36,LPT,1265
f.rndn.12x12.train.37,LPT,1338
f.rndn.12x12.train.38,LPT,1347
f.rndn.12x12.train.39,LPT,1337
f.rndn.12x12.train.40,LPT,1285
f.rndn.12x12.train.41,LPT,1307
f.rndn.12x12.train.42,LPT,1429
f.rndn.12x12.train.43,LPT,1377
f.rndn.12x12.train.44,LPT,1354
f.rndn.12x12.train.45,LPT,1302
f.rndn.12x12.train.46,LPT,1391
f.rndn.12x12.train.47,LPT,1378
f.rndn.12x12.train.48,LPT,1340
f.rndn.12x12.train.49,LPT,1347
f.rndn.12x12.train.50,LPT,1361
f.rndn.12x12.train.51,LPT,1356
f.rndn.12x12.train.52,LPT,1396
f.rndn.12x12.train.53,LPT,1326
f.rndn.12x12.train.54,LPT,1341
f.rndn.12x12.train.55,LPT,1275
f.rndn.12x12.train.56,LPT,1415
f.rndn.12x12.train.57,LPT,1388
f.rndn.12x12.train.58,LPT,1355
f.rndn.12x12.train.59,LPT,1333
f.rndn.12x12.train.60,LPT,1365
f.rndn.12x12.train.61,LPT,1393
f.rndn.12x12.train.62,LPT,1287
f.rndn.12x12.train.63,LPT,1404
f.rndn.12x12.train.64,LPT,1391
f.rndn.12x12.train.65,LPT,1338
f.rndn.12x12.train.66,LPT,1428
f.rndn.12x12.train.67,LPT,1347
f.rndn.12x12.train.68,LPT,1296
f.rndn.12x12.train.69,LPT,1345
f.rndn.12x12.train.70,LPT,1341
f.rndn.12x12.train.71,LPT,1400
f.rndn.12x12.train.72,LPT,1365
f.rndn.12x12.train.73,LPT,1346
f.rndn.12x12.train.74,LPT,1387
f.rndn.12x12.train.75,LPT,1358
f.rndn.12x12.train.76,LPT,1382
f.rndn.12x12.train.77,LPT,1325
f.rndn.12x12.train.78,LPT,1354
f.rndn.12x12.train.79,LPT,1342
f.rndn.12x12.train.80,LPT,1306
f.rndn.12x12.train.81,LPT,1329
f.rndn.12x12.train.82,LPT,1294
f.rndn.12x12.train.83,LPT,1314
f.rndn.12x12.train.84,LPT,1457
f.rndn.12x12.train.85,LPT,1386
f.rndn.12x12.train.86,LPT,1360
f.rndn.12x12.train.87,LPT,1345
f.rndn.12x12.train.88,LPT,1311
f.rndn.12x12.train.89,LPT,1381
f.rndn.12x12.train.90,LPT,1335
f.rndn.12x12.train.91,LPT,1365
f.rndn.12x12.train.92,LPT,1379
f.rndn.12x12.train.93,LPT,1346
f.rndn.12x12.train.94,LPT,1344
f.rndn.12x12.train.95,LPT,1356
f.rndn.12x12.train.96,LPT,1290
f.rndn.12x12.train.97,LPT,1404
f.rndn.12x12.train.98,LPT,1358
f.rndn.12x12.train.99,LPT,1319
f.rndn.12x12.train.100,LPT,1344
f.rndn.12x12.train.101,LPT,1336
f.rndn.12x12.train.102,LPT,1325
f.rndn.12x12.train.103,LPT,1403
f.rndn.12x12.train.104,LPT,1344
f.rndn.12x12.train.105,LPT,1391
f.rndn.12x12.train.106,LPT,1369
f.rndn.12x12.train.107,LPT,1343
f.rndn.12x12.train.108,LPT,1370
f.rndn.12x12.train.109,LPT,1297
f.rndn.12x12.train.110,LPT,1345
f.rndn.12x12.train.111,LPT,1432
f.rndn.12x12.train.112,LPT,1365
f.rndn.12x12.train.113,LPT,1408
f.rndn.12x12.train.114,LPT,1350
f.rndn.12x12.train.115,LPT,1374
f.rndn.12x12.train.116,LPT,1325
f.rndn.12x12.train.117,LPT,1376
f.rndn.12x12.train.118,LPT,1367
f.rndn.12x12.train.119,LPT,1309
f.rndn.12x12.train.120,LPT,1300
f.rndn.12x12.train.121,LPT,1350
f.rndn.12x12.train.122,LPT,1316
f.rndn.12x12.train.123,LPT,1325
f.rndn.12x12.train.124,LPT,1292
f.rndn.12x12.train.125,LPT,1432
f.rndn.12x12.train.126,LPT,1384
f.rndn.12x12.train.127,LPT,1434
f.rndn.12x12.train.128,LPT,1296
f.rndn.12x12.train.129,LPT,1390
f.rndn.12x12.train.130,LPT,1290
f.rndn.12x12.train.131,LPT,1382
f.rndn.12x12.train.132,LPT,1381
f.rndn.12x12.train.133,LPT,1402
f.rndn.12x12.train.134,LPT,1333
f.rndn.12x12.train.135,LPT,1405
f.rndn.12x12.train.136,LPT,1371
f.rndn.12x12.train.137,LPT,1340
f.rndn.12x12.train.138,LPT,1342
f.rndn.12x12.train.139,LPT,1367
f.rndn.12x12.train.140,LPT,1397
f.rndn.12x12.train.141,LPT,1303
f.rndn.12x12.train.142,LPT,1290
f.rndn.12x12.train.143,LPT,1348
f.rndn.12x12.train.144,LPT,1390
f.rndn.12x12.train.145,LPT,1392
f.rndn.12x12.train.146,LPT,1285
f.rndn.12x12.train.147,LPT,1333
f.rndn.12x12.train.148,LPT,1411
f.rndn.12x12.train.149,LPT,1333
f.rndn.12x12.train.150,LPT,1418
f.rndn.12x12.train.151,LPT,1372
f.rndn.12x12.train.152,LPT,1337
f.rndn.12x12.train.153,LPT,1368
f.rndn.12x12.train.154,LPT,1334
f.rndn.12x12.train.155,LPT,1377
f.rndn.12x12.train.156,LPT,1343
f.rndn.12x12.train.157,LPT,1359
f.rndn.12x12.train.158,LPT,1391
f.rndn.12x12.train.159,LPT,1304
f.rndn.12x12.train.160,LPT,1301
f.rndn.12x12.train.161,LPT,1369
f.rndn.12x12.train.162,LPT,1300
f.rndn.12x12.train.163,LPT,1347
f.rndn.12x12.train.164,LPT,1341
f.rndn.12x12.train.165,LPT,1423
f.rndn.12x12.train.166,LPT,1416
f.rndn.12x12.train.167,LPT,1372
f.rndn.12x12.train.168,LPT,1363
f.rndn.12x12.train.169,LPT,1394
f.rndn.12x12.train.170,LPT,1389
f.rndn.12x12.train.171,LPT,1344
f.rndn.12x12.train.172,LPT,1302
f.rndn.12x12.train.173,LPT,1395
f.rndn.12x12.train.174,LPT,1352
f.rndn.12x12.train.175,LPT,1377
f.rndn.12x12.train.176,LPT,1389
f.rndn.12x12.train.177,LPT,1409
f.rndn.12x12.train.178,LPT,1335
f.rndn.12x12.train.179,LPT,1422
f.rndn.12x12.train.180,LPT,1465
f.rndn.12x12.train.181,LPT,1354
f.rndn.12x12.train.182,LPT,1315
f.rndn.12x12.train.183,LPT,1392
f.rndn.12x12.train.184,LPT,1292
f.rndn.12x12.train.185,LPT,1344
f.rndn.12x12.train.186,LPT,1337
f.rndn.12x12.train.187,LPT,1354
f.rndn.12x12.train.188,LPT,1350
f.rndn.12x12.train.189,LPT,1429
f.rndn.12x12.train.190,LPT,1338
f.rndn.12x12.train.191,LPT,1430
f.rndn.12x12.train.192,LPT,1320
f.rndn.12x12.train.193,LPT,1392
f.rndn.12x12.train.194,LPT,1351
f.rndn.12x12.train.195,LPT,1375
f.rndn.12x12.train.196,LPT,1335
f.rndn.12x12.train.197,LPT,1350
f.rndn.12x12.train.198,LPT,1341
f.rndn.12x12.train.199,LPT,1277
f.rndn.12x12.train.200,LPT,1409
f.rndn.12x12.train.201,LPT,1342
f.rndn.12x12.train.202,LPT,1327
f.rndn.12x12.train.203,LPT,1379
f.rndn.12x12.train.204,LPT,1334
f.rndn.12x12.train.205,LPT,1263
f.rndn.12x12.train.206,LPT,1312
f.rndn.12x12.train.207,LPT,1333
f.rndn.12x12.train.208,LPT,1341
f.rndn.12x12.train.209,LPT,1324
f.rndn.12x12.train.210,LPT,1325
f.rndn.12x12.train.211,LPT,1386
f.rndn.12x12.train.212,LPT,1364
f.rndn.12x12.train.213,LPT,1367
f.rndn.12x12.train.214,LPT,1335
f.rndn.12x12.train.215,LPT,1333
f.rndn.12x12.train.216,LPT,1348
f.rndn.12x12.train.217,LPT,1359
f.rndn.12x12.train.218,LPT,1292
f.rndn.12x12.train.219,LPT,1392
f.rndn.12x12.train.220,LPT,1399
f.rndn.12x12.train.221,LPT,1321
f.rndn.12x12.train.222,LPT,1387
f.rndn.12x12.train.223,LPT,1384
f.rndn.12x12.train.224,LPT,1327
f.rndn.12x12.train.225,LPT,1392
f.rndn.12x12.train.226,LPT,1354
f.rndn.12x12.train.227,LPT,1371
f.rndn.12x12.train.228,LPT,1378
f.rndn.12x12.train.229,LPT,1293
f.rndn.12x12.train.230,LPT,1388
f.rndn.12x12.train.231,LPT,1321
f.rndn.12x12.train.232,LPT,1357
f.rndn.12x12.train.233,LPT,1363
f.rndn.12x12.train.234,LPT,1295
f.rndn.12x12.train.235,LPT,1356
f.rndn.12x12.train.236,LPT,1386
f.rndn.12x12.train.237,LPT,1373
f.rndn.12x12.train.238,LPT,1423
f.rndn.12x12.train.239,LPT,1360
f.rndn.12x12.train.240,LPT,1370
f.rndn.12x12.train.241,LPT,1450
f.rndn.12x12.train.242,LPT,1345
f.rndn.12x12.train.243,LPT,1386
f.rndn.12x12.train.244,LPT,1349
f.rndn.12x12.train.245,LPT,1321
f.rndn.12x12.train.246,LPT,1348
f.rndn.12x12.train.247,LPT,1315
f.rndn.12x12.train.248,LPT,1301
f.rndn.12x12.train.249,LPT,1353
f.rndn.12x12.train.250,LPT,1367
f.rndn.12x12.train.251,LPT,1377
f.rndn.12x12.train.252,LPT,1297
f.rndn.12x12.train.253,LPT,1401
f.rndn.12x12.train.254,LPT,1328
f.rndn.12x12.train.255,LPT,1363
f.rndn.12x12.train.256,LPT,1326
f.rndn.12x12.train.257,LPT,1376
f.rndn.12x12.train.258,LPT,1294
f.rndn.12x12.train.259,LPT,1379
f.rndn.12x12.train.260,LPT,1337
f.rndn.12x12.train.261,LPT,1343
f.rndn.12x12.train.262,LPT,1299
f.rndn.12x12.train.263,LPT,1359
f.rndn.12x12.train.264,LPT,1296
f.rndn.12x12.train.265,LPT,1423
f.rndn.12x12.train.266,LPT,1355
f.rndn.12x12.train.267,LPT,1326
f.rndn.12x12.train.268,LPT,1387
f.rndn.12x12.train.269,LPT,1383
f.rndn.12x12.train.270,LPT,1345
f.rndn.12x12.train.271,LPT,1369
f.rndn.12x12.train.272,LPT,1339
f.rndn.12x12.train.273,LPT,1336
f.rndn.12x12.train.274,LPT,1292
f.rndn.12x12.train.275,LPT,1338
f.rndn.12x12.train.276,LPT,1267
f.rndn.12x12.train.277,LPT,1390
f.rndn.12x12.train.278,LPT,1354
f.rndn.12x12.train.279,LPT,1352
f.rndn.12x12.train.280,LPT,1377
f.rndn.12x12.train.281,LPT,1443
f.rndn.12x12.train.282,LPT,1369
f.rndn.12x12.train.283,LPT,1380
f.rndn.12x12.train.284,LPT,1393
f.rndn.12x12.train.285,LPT,1393
f.rndn.12x12.train.286,LPT,1419
f.rndn.12x12.train.287,LPT,1360
f.rndn.12x12.train.288,LPT,1392
f.rndn.12x12.train.289,LPT,1427
f.rndn.12x12.train.290,LPT,1366
f.rndn.12x12.train.291,LPT,1361
f.rndn.12x12.train.292,LPT,1330
f.rndn.12x12.train.293,LPT,1310
f.rndn.12x12.train.294,LPT,1406
f.rndn.12x12.train.295,LPT,1284
f.rndn.12x12.train.296,LPT,1353
f.rndn.12x12.train.297,LPT,1348
f.rndn.12x12.train.298,LPT,1430
f.rndn.12x12.train.299,LPT,1308
f.rndn.12x12.train.300,LPT,1339
f.rndn.12x12.train.301,LPT,1373
f.rndn.12x12.train.302,LPT,1381
f.rndn.12x12.train.303,LPT,1340
f.rndn.12x12.train.304,LPT,1296
f.rndn.12x12.train.305,LPT,1381
f.rndn.12x12.train.306,LPT,1373
f.rndn.12x12.train.307,LPT,1332
f.rndn.12x12.train.308,LPT,1313
f.rndn.12x12.train.309,LPT,1411
f.rndn.12x12.train.310,LPT,1380
f.rndn.12x12.train.311,LPT,1331
f.rndn.12x12.train.312,LPT,1333
f.rndn.12x12.train.313,LPT,1394
f.rndn.12x12.train.314,LPT,1348
f.rndn.12x12.train.315,LPT,1324
f.rndn.12x12.train.316,LPT,1323
f.rndn.12x12.train.317,LPT,1475
f.rndn.12x12.train.318,LPT,1355
f.rndn.12x12.train.319,LPT,1305
f.rndn.12x12.train.320,LPT,1437
f.rndn.12x12.train.321,LPT,1291
f.rndn.12x12.train.322,LPT,1368
f.rndn.12x12.train.323,LPT,1502
f.rndn.12x12.train.324,LPT,1400
f.rndn.12x12.train.325,LPT,1358
f.rndn.12x12.train.326,LPT,1336
f.rndn.12x12.train.327,LPT,1303
f.rndn.12x12.train.328,LPT,1340
f.rndn.12x12.train.329,LPT,1288
f.rndn.12x12.train.330,LPT,1380
f.rndn.12x12.train.331,LPT,1372
f.rndn.12x12.train.332,LPT,1379
f.rndn.12x12.train.333,LPT,1365
f.rndn.12x12.train.334,LPT,1340
f.rndn.12x12.train.335,LPT,1401
f.rndn.12x12.train.336,LPT,1259
f.rndn.12x12.train.337,LPT,1336
f.rndn.12x12.train.338,LPT,1337
f.rndn.12x12.train.339,LPT,1387
f.rndn.12x12.train.340,LPT,1294
f.rndn.12x12.train.341,LPT,1390
f.rndn.12x12.train.342,LPT,1408
f.rndn.12x12.train.343,LPT,1332
f.rndn.12x12.train.344,LPT,1379
f.rndn.12x12.train.345,LPT,1385
f.rndn.12x12.train.346,LPT,1334
f.rndn.12x12.train.347,LPT,1413
f.rndn.12x12.train.348,LPT,1391
f.rndn.12x12.train.349,LPT,1302
f.rndn.12x12.train.350,LPT,1356
f.rndn.12x12.train.351,LPT,1335
f.rndn.12x12.train.352,LPT,1343
f.rndn.12x12.train.353,LPT,1317
f.rndn.12x12.train.354,LPT,1365
f.rndn.12x12.train.355,LPT,1462
f.rndn.12x12.train.356,LPT,1340
f.rndn.12x12.train.357,LPT,1302
f.rndn.12x12.train.358,LPT,1398
f.rndn.12x12.train.359,LPT,1420
f.rndn.12x12.train.360,LPT,1275
f.rndn.12x12.train.361,LPT,1381
f.rndn.12x12.train.362,LPT,1287
f.rndn.12x12.train.363,LPT,1371
f.rndn.12x12.train.364,LPT,1338
f.rndn.12x12.train.365,LPT,1358
f.rndn.12x12.train.366,LPT,1354
f.rndn.12x12.train.367,LPT,1323
f.rndn.12x12.train.368,LPT,1280
f.rndn.12x12.train.369,LPT,1294
f.rndn.12x12.train.370,LPT,1303
f.rndn.12x12.train.371,LPT,1311
f.rndn.12x12.train.372,LPT,1360
f.rndn.12x12.train.373,LPT,1381
f.rndn.12x12.train.374,LPT,1349
f.rndn.12x12.train.375,LPT,1334
f.rndn.12x12.train.376,LPT,1362
f.rndn.12x12.train.377,LPT,1295
f.rndn.12x12.train.378,LPT,1301
f.rndn.12x12.train.379,LPT,1344
f.rndn.12x12.train.380,LPT,1337
f.rndn.12x12.train.381,LPT,1276
f.rndn.12x12.train.382,LPT,1362
f.rndn.12x12.train.383,LPT,1371
f.rndn.12x12.train.384,LPT,1328
f.rndn.12x12.train.385,LPT,1331
f.rndn.12x12.train.386,LPT,1426
f.rndn.12x12.train.387,LPT,1399
f.rndn.12x12.train.388,LPT,1339
f.rndn.12x12.train.389,LPT,1302
f.rndn.12x12.train.390,LPT,1279
f.rndn.12x12.train.391,LPT,1397
f.rndn.12x12.train.392,LPT,1378
f.rndn.12x12.train.393,LPT,1364
f.rndn.12x12.train.394,LPT,1310
f.rndn.12x12.train.395,LPT,1397
f.rndn.12x12.train.396,LPT,1342
f.rndn.12x12.train.397,LPT,1446
f.rndn.12x12.train.398,LPT,1404
f.rndn.12x12.train.399,LPT,1358
f.rndn.12x12.train.400,LPT,1343
f.rndn.12x12.train.401,LPT,1337
f.rndn.12x12.train.402,LPT,1337
f.rndn.12x12.train.403,LPT,1346
f.rndn.12x12.train.404,LPT,1334
f.rndn.12x12.train.405,LPT,1275
f.rndn.12x12.train.406,LPT,1395
f.rndn.12x12.train.407,LPT,1267
f.rndn.12x12.train.408,LPT,1354
f.rndn.12x12.train.409,LPT,1343
f.rndn.12x12.train.410,LPT,1392
f.rndn.12x12.train.411,LPT,1347
f.rndn.12x12.train.412,LPT,1384
f.rndn.12x12.train.413,LPT,1334
f.rndn.12x12.train.414,LPT,1385
f.rndn.12x12.train.415,LPT,1357
f.rndn.12x12.train.416,LPT,1446
f.rndn.12x12.train.417,LPT,1415
f.rndn.12x12.train.418,LPT,1359
f.rndn.12x12.train.419,LPT,1306
f.rndn.12x12.train.420,LPT,1395
f.rndn.12x12.train.421,LPT,1293
f.rndn.12x12.train.422,LPT,1360
f.rndn.12x12.train.423,LPT,1375
f.rndn.12x12.train.424,LPT,1376
f.rndn.12x12.train.425,LPT,1349
f.rndn.12x12.train.426,LPT,1400
f.rndn.12x12.train.427,LPT,1321
f.rndn.12x12.train.428,LPT,1363
f.rndn.12x12.train.429,LPT,1337
f.rndn.12x12.train.430,LPT,1373
f.rndn.12x12.train.431,LPT,1401
f.rndn.12x12.train.432,LPT,1386
f.rndn.12x12.train.433,LPT,1320
f.rndn.12x12.train.434,LPT,1333
f.rndn.12x12.train.435,LPT,1344
f.rndn.12x12.train.436,LPT,1338
f.rndn.12x12.train.437,LPT,1389
f.rndn.12x12.train.438,LPT,1345
f.rndn.12x12.train.439,LPT,1414
f.rndn.12x12.train.440,LPT,1315
f.rndn.12x12.train.441,LPT,1339
f.rndn.12x12.train.442,LPT,1273
f.rndn.12x12.train.443,LPT,1313
f.rndn.12x12.train.444,LPT,1364
f.rndn.12x12.train.445,LPT,1379
f.rndn.12x12.train.446,LPT,1435
f.rndn.12x12.train.447,LPT,1324
f.rndn.12x12.train.448,LPT,1426
f.rndn.12x12.train.449,LPT,1304
f.rndn.12x12.train.450,LPT,1428
f.rndn.12x12.train.451,LPT,1425
f.rndn.12x12.train.452,LPT,1352
f.rndn.12x12.train.453,LPT,1414
f.rndn.12x12.train.454,LPT,1399
f.rndn.12x12.train.455,LPT,1299
f.rndn.12x12.train.456,LPT,1364
f.rndn.12x12.train.457,LPT,1351
f.rndn.12x12.train.458,LPT,1362
f.rndn.12x12.train.459,LPT,1299
f.rndn.12x12.train.460,LPT,1353
f.rndn.12x12.train.461,LPT,1397
f.rndn.12x12.train.462,LPT,1287
f.rndn.12x12.train.463,LPT,1344
f.rndn.12x12.train.464,LPT,1296
f.rndn.12x12.train.465,LPT,1408
f.rndn.12x12.train.466,LPT,1278
f.rndn.12x12.train.467,LPT,1324
f.rndn.12x12.train.468,LPT,1382
f.rndn.12x12.train.469,LPT,1341
f.rndn.12x12.train.470,LPT,1441
f.rndn.12x12.train.471,LPT,1355
f.rndn.12x12.train.472,LPT,1442
f.rndn.12x12.train.473,LPT,1433
f.rndn.12x12.train.474,LPT,1342
f.rndn.12x12.train.475,LPT,1288
f.rndn.12x12.train.476,LPT,1331
f.rndn.12x12.train.477,LPT,1320
f.rndn.12x12.train.478,LPT,1291
f.rndn.12x12.train.479,LPT,1335
f.rndn.12x12.train.480,LPT,1333
f.rndn.12x12.train.481,LPT,1353
f.rndn.12x12.train.482,LPT,1320
f.rndn.12x12.train.483,LPT,1347
f.rndn.12x12.train.484,LPT,1437
f.rndn.12x12.train.485,LPT,1322
f.rndn.12x12.train.486,LPT,1358
f.rndn.12x12.train.487,LPT,1356
f.rndn.12x12.train.488,LPT,1346
f.rndn.12x12.train.489,LPT,1368
f.rndn.12x12.train.490,LPT,1310
f.rndn.12x12.train.491,LPT,1356
f.rndn.12x12.train.492,LPT,1282
f.rndn.12x12.train.493,LPT,1357
f.rndn.12x12.train.494,LPT,1297
f.rndn.12x12.train.495,LPT,1383
f.rndn.12x12.train.496,LPT,1401
f.rndn.12x12.train.497,LPT,1405
f.rndn.12x12.train.498,LPT,1385
f.rndn.12x12.train.499,LPT,1464
f.rndn.12x12.train.500,LPT,1336
f.rndn.12x12.train.1,MWR,1514
f.rndn.12x12.train.2,MWR,1532
f.rndn.12x12.train.3,MWR,1538
f.rndn.12x12.train.4,MWR,1552
f.rndn.12x12.train.5,MWR,1486
f.rndn.12x12.train.6,MWR,1583
f.rndn.12x12.train.7,MWR,1493
f.rndn.12x12.train.8,MWR,1624
f.rndn.12x12.train.9,MWR,1520
f.rndn.12x12.train.10,MWR,1614
f.rndn.12x12.train.11,MWR,1594
f.rndn.12x12.train.12,MWR,1492
f.rndn.12x12.train.13,MWR,1546
f.rndn.12x12.train.14,MWR,1521
f.rndn.12x12.train.15,MWR,1449
f.rndn.12x12.train.16,MWR,1593
f.rndn.12x12.train.17,MWR,1503
f.rndn.12x12.train.18,MWR,1485
f.rndn.12x12.train.19,MWR,1465
f.rndn.12x12.train.20,MWR,1592
f.rndn.12x12.train.21,MWR,1468
f.rndn.12x12.train.22,MWR,1532
f.rndn.12x12.train.23,MWR,1493
f.rndn.12x12.train.24,MWR,1492
f.rndn.12x12.train.25,MWR,1545
f.rndn.12x12.train.26,MWR,1456
f.rndn.12x12.train.27,MWR,1533
f.rndn.12x12.train.28,MWR,1432
f.rndn.12x12.train.29,MWR,1525
f.rndn.12x12.train.30,MWR,1486
f.rndn.12x12.train.31,MWR,1529
f.rndn.12x12.train.32,MWR,1512
f.rndn.12x12.train.33,MWR,1646
f.rndn.12x12.train.34,MWR,1547
f.rndn.12x12.train.35,MWR,1567
f.rndn.12x12.train.36,MWR,1433
f.rndn.12x12.train.37,MWR,1478
f.rndn.12x12.train.38,MWR,1448
f.rndn.12x12.train.39,MWR,1483
f.rndn.12x12.train.40,MWR,1523
f.rndn.12x12.train.41,MWR,1478
f.rndn.12x12.train.42,MWR,1441
f.rndn.12x12.train.43,MWR,1584
f.rndn.12x12.train.44,MWR,1484
f.rndn.12x12.train.45,MWR,1480
f.rndn.12x12.train.46,MWR,1409
f.rndn.12x12.train.47,MWR,1453
f.rndn.12x12.train.48,MWR,1643
f.rndn.12x12.train.49,MWR,1547
f.rndn.12x12.train.50,MWR,1632
f.rndn.12x12.train.51,MWR,1553
f.rndn.12x12.train.52,MWR,1521
f.rndn.12x12.train.53,MWR,1539
f.rndn.12x12.train.54,MWR,1512
f.rndn.12x12.train.55,MWR,1541
f.rndn.12x12.train.56,MWR,1491
f.rndn.12x12.train.57,MWR,1580
f.rndn.12x12.train.58,MWR,1559
f.rndn.12x12.train.59,MWR,1691
f.rndn.12x12.train.60,MWR,1494
f.rndn.12x12.train.61,MWR,1537
f.rndn.12x12.train.62,MWR,1452
f.rndn.12x12.train.63,MWR,1560
f.rndn.12x12.train.64,MWR,1649
f.rndn.12x12.train.65,MWR,1611
f.rndn.12x12.train.66,MWR,1593
f.rndn.12x12.train.67,MWR,1583
f.rndn.12x12.train.68,MWR,1582
f.rndn.12x12.train.69,MWR,1454
f.rndn.12x12.train.70,MWR,1396
f.rndn.12x12.train.71,MWR,1507
f.rndn.12x12.train.72,MWR,1532
f.rndn.12x12.train.73,MWR,1523
f.rndn.12x12.train.74,MWR,1609
f.rndn.12x12.train.75,MWR,1603
f.rndn.12x12.train.76,MWR,1545
f.rndn.12x12.train.77,MWR,1485
f.rndn.12x12.train.78,MWR,1461
f.rndn.12x12.train.79,MWR,1529
f.rndn.12x12.train.80,MWR,1468
f.rndn.12x12.train.81,MWR,1526
f.rndn.12x12.train.82,MWR,1592
f.rndn.12x12.train.83,MWR,1494
f.rndn.12x12.train.84,MWR,1378
f.rndn.12x12.train.85,MWR,1444
f.rndn.12x12.train.86,MWR,1618
f.rndn.12x12.train.87,MWR,1473
f.rndn.12x12.train.88,MWR,1547
f.rndn.12x12.train.89,MWR,1536
f.rndn.12x12.train.90,MWR,1487
f.rndn.12x12.train.91,MWR,1448
f.rndn.12x12.train.92,MWR,1460
f.rndn.12x12.train.93,MWR,1438
f.rndn.12x12.train.94,MWR,1590
f.rndn.12x12.train.95,MWR,1548
f.rndn.12x12.train.96,MWR,1478
f.rndn.12x12.train.97,MWR,1503
f.rndn.12x12.train.98,MWR,1400
f.rndn.12x12.train.99,MWR,1393
f.rndn.12x12.train.100,MWR,1608
f.rndn.12x12.train.101,MWR,1507
f.rndn.12x12.train.102,MWR,1396
f.rndn.12x12.train.103,MWR,1549
f.rndn.12x12.train.104,MWR,1551
f.rndn.12x12.train.105,MWR,1587
f.rndn.12x12.train.106,MWR,1443
f.rndn.12x12.train.107,MWR,1549
f.rndn.12x12.train.108,MWR,1465
f.rndn.12x12.train.109,MWR,1583
f.rndn.12x12.train.110,MWR,1491
f.rndn.12x12.train.111,MWR,1745
f.rndn.12x12.train.112,MWR,1543
f.rndn.12x12.train.113,MWR,1581
f.rndn.12x12.train.114,MWR,1605
f.rndn.12x12.train.115,MWR,1381
f.rndn.12x12.train.116,MWR,1517
f.rndn.12x12.train.117,MWR,1624
f.rndn.12x12.train.118,MWR,1516
f.rndn.12x12.train.119,MWR,1451
f.rndn.12x12.train.120,MWR,1539
f.rndn.12x12.train.121,MWR,1493
f.rndn.12x12.train.122,MWR,1510
f.rndn.12x12.train.123,MWR,1431
f.rndn.12x12.train.124,MWR,1599
f.rndn.12x12.train.125,MWR,1449
f.rndn.12x12.train.126,MWR,1452
f.rndn.12x12.train.127,MWR,1584
f.rndn.12x12.train.128,MWR,1559
f.rndn.12x12.train.129,MWR,1557
f.rndn.12x12.train.130,MWR,1443
f.rndn.12x12.train.131,MWR,1600
f.rndn.12x12.train.132,MWR,1576
f.rndn.12x12.train.133,MWR,1655
f.rndn.12x12.train.134,MWR,1584
f.rndn.12x12.train.135,MWR,1458
f.rndn.12x12.train.136,MWR,1491
f.rndn.12x12.train.137,MWR,1440
f.rndn.12x12.train.138,MWR,1451
f.rndn.12x12.train.139,MWR,1409
f.rndn.12x12.train.140,MWR,1599
f.rndn.12x12.train.141,MWR,1444
f.rndn.12x12.train.142,MWR,1491
f.rndn.12x12.train.143,MWR,1545
f.rndn.12x12.train.144,MWR,1511
f.rndn.12x12.train.145,MWR,1508
f.rndn.12x12.train.146,MWR,1499
f.rndn.12x12.train.147,MWR,1477
f.rndn.12x12.train.148,MWR,1634
f.rndn.12x12.train.149,MWR,1474
f.rndn.12x12.train.150,MWR,1503
f.rndn.12x12.train.151,MWR,1528
f.rndn.12x12.train.152,MWR,1498
f.rndn.12x12.train.153,MWR,1462
f.rndn.12x12.train.154,MWR,1447
f.rndn.12x12.train.155,MWR,1577
f.rndn.12x12.train.156,MWR,1541
f.rndn.12x12.train.157,MWR,1460
f.rndn.12x12.train.158,MWR,1469
f.rndn.12x12.train.159,MWR,1529
f.rndn.12x12.train.160,MWR,1486
f.rndn.12x12.train.161,MWR,1542
f.rndn.12x12.train.162,MWR,1485
f.rndn.12x12.train.163,MWR,1627
f.rndn.12x12.train.164,MWR,1533
f.rndn.12x12.train.165,MWR,1512
f.rndn.12x12.train.166,MWR,1568
f.rndn.12x12.train.167,MWR,1598
f.rndn.12x12.train.168,MWR,1382
f.rndn.12x12.train.169,MWR,1509
f.rndn.12x12.train.170,MWR,1551
f.rndn.12x12.train.171,MWR,1492
f.rndn.12x12.train.172,MWR,1679
f.rndn.12x12.train.173,MWR,1589
f.rndn.12x12.train.174,MWR,1556
f.rndn.12x12.train.175,MWR,1548
f.rndn.12x12.train.176,MWR,1496
f.rndn.12x12.train.177,MWR,1531
f.rndn.12x12.train.178,MWR,1402
f.rndn.12x12.train.179,MWR,1616
f.rndn.12x12.train.180,MWR,1583
f.rndn.12x12.train.181,MWR,1524
f.rndn.12x12.train.182,MWR,1538
f.rndn.12x12.train.183,MWR,1498
f.rndn.12x12.train.184,MWR,1633
f.rndn.12x12.train.185,MWR,1652
f.rndn.12x12.train.186,MWR,1452
f.rndn.12x12.train.187,MWR,1532
f.rndn.12x12.train.188,MWR,1443
f.rndn.12x12.train.189,MWR,1465
f.rndn.12x12.train.190,MWR,1563
f.rndn.12x12.train.191,MWR,1503
f.rndn.12x12.train.192,MWR,1507
f.rndn.12x12.train.193,MWR,1643
f.rndn.12x12.train.194,MWR,1441
f.rndn.12x12.train.195,MWR,1618
f.rndn.12x12.train.196,MWR,1503
f.rndn.12x12.train.197,MWR,1560
f.rndn.12x12.train.198,MWR,1400
f.rndn.12x12.train.199,MWR,1496
f.rndn.12x12.train.200,MWR,1549
f.rndn.12x12.train.201,MWR,1571
f.rndn.12x12.train.202,MWR,1621
f.rndn.12x12.train.203,MWR,1505
f.rndn.12x12.train.204,MWR,1439
f.rndn.12x12.train.205,MWR,1581
f.rndn.12x12.train.206,MWR,1352
f.rndn.12x12.train.207,MWR,1510
f.rndn.12x12.train.208,MWR,1556
f.rndn.12x12.train.209,MWR,1492
f.rndn.12x12.train.210,MWR,1598
f.rndn.12x12.train.211,MWR,1533
f.rndn.12x12.train.212,MWR,1547
f.rndn.12x12.train.213,MWR,1574
f.rndn.12x12.train.214,MWR,1479
f.rndn.12x12.train.215,MWR,1435
f.rndn.12x12.train.216,MWR,1460
f.rndn.12x12.train.217,MWR,1591
f.rndn.12x12.train.218,MWR,1544
f.rndn.12x12.train.219,MWR,1542
f.rndn.12x12.train.220,MWR,1451
f.rndn.12x12.train.221,MWR,1432
f.rndn.12x12.train.222,MWR,1430
f.rndn.12x12.train.223,MWR,1537
f.rndn.12x12.train.224,MWR,1469
f.rndn.12x12.train.225,MWR,1562
f.rndn.12x12.train.226,MWR,1448
f.rndn.12x12.train.227,MWR,1501
f.rndn.12x12.train.228,MWR,1481
f.rndn.12x12.train.229,MWR,1687
f.rndn.12x12.train.230,MWR,1532
f.rndn.12x12.train.231,MWR,1520
f.rndn.12x12.train.232,MWR,1420
f.rndn.12x12.train.233,MWR,1490
f.rndn.12x12.train.234,MWR,1601
f.rndn.12x12.train.235,MWR,1442
f.rndn.12x12.train.236,MWR,1453
f.rndn.12x12.train.237,MWR,1463
f.rndn.12x12.train.238,MWR,1652
f.rndn.12x12.train.239,MWR,1478
f.rndn.12x12.train.240,MWR,1483
f.rndn.12x12.train.241,MWR,1583
f.rndn.12x12.train.242,MWR,1501
f.rndn.12x12.train.243,MWR,1501
f.rndn.12x12.train.244,MWR,1559
f.rndn.12x12.train.245,MWR,1590
f.rndn.12x12.train.246,MWR,1574
f.rndn.12x12.train.247,MWR,1518
f.rndn.12x12.train.248,MWR,1408
f.rndn.12x12.train.249,MWR,1582
f.rndn.12x12.train.250,MWR,1484
f.rndn.12x12.train.251,MWR,1569
f.rndn.12x12.train.252,MWR,1579
f.rndn.12x12.train.253,MWR,1561
f.rndn.12x12.train.254,MWR,1490
f.rndn.12x12.train.255,MWR,1429
f.rndn.12x12.train.256,MWR,1561
f.rndn.12x12.train.257,MWR,1528
f.rndn.12x12.train.258,MWR,1586
f.rndn.12x12.train.259,MWR,1556
f.rndn.12x12.train.260,MWR,1374
f.rndn.12x12.train.261,MWR,1498
f.rndn.12x12.train.262,MWR,1457
f.rndn.12x12.train.263,MWR,1429
f.rndn.12x12.train.264,MWR,1444
f.rndn.12x12.train.265,MWR,1477
f.rndn.12x12.train.266,MWR,1468
f.rndn.12x12.train.267,MWR,1539
f.rndn.12x12.train.268,MWR,1495
f.rndn.12x12.train.269,MWR,1511
f.rndn.12x12.train.270,MWR,1598
f.rndn.12x12.train.271,MWR,1688
f.rndn.12x12.train.272,MWR,1674
f.rndn.12x12.train.273,MWR,1541
f.rndn.12x12.train.274,MWR,1426
f.rndn.12x12.train.275,MWR,1601
f.rndn.12x12.train.276,MWR,1479
f.rndn.12x12.train.277,MWR,1530
f.rndn.12x12.train.278,MWR,1585
f.rndn.12x12.train.279,MWR,1445
f.rndn.12x12.train.280,MWR,1476
f.rndn.12x12.train.281,MWR,1445
f.rndn.12x12.train.282,MWR,1527
f.rndn.12x12.train.283,MWR,1482
f.rndn.12x12.train.284,MWR,1492
f.rndn.12x12.train.285,MWR,1451
f.rndn.12x12.train.286,MWR,1615
f.rndn.12x12.train.287,MWR,1560
f.rndn.12x12.train.288,MWR,1622
f.rndn.12x12.train.289,MWR,1505
f.rndn.12x12.train.290,MWR,1546
f.rndn.12x12.train.291,MWR,1458
f.rndn.12x12.train.292,MWR,1499
f.rndn.12x12.train.293,MWR,1616
f.rndn.12x12.train.294,MWR,1507
f.rndn.12x12.train.295,MWR,1553
f.rndn.12x12.train.296,MWR,1545
f.rndn.12x12.train.297,MWR,1438
f.rndn.12x12.train.298,MWR,1588
f.rndn.12x12.train.299,MWR,1542
f.rndn.12x12.train.300,MWR,1590
f.rndn.12x12.train.301,MWR,1563
f.rndn.12x12.train.302,MWR,1441
f.rndn.12x12.train.303,MWR,1576
f.rndn.12x12.train.304,MWR,1620
f.rndn.12x12.train.305,MWR,1417
f.rndn.12x12.train.306,MWR,1643
f.rndn.12x12.train.307,MWR,1398
f.rndn.12x12.train.308,MWR,1540
f.rndn.12x12.train.309,MWR,1752
f.rndn.12x12.train.310,MWR,1502
f.rndn.12x12.train.311,MWR,1553
f.rndn.12x12.train.312,MWR,1357
f.rndn.12x12.train.313,MWR,1635
f.rndn.12x12.train.314,MWR,1515
f.rndn.12x12.train.315,MWR,1471
f.rndn.12x12.train.316,MWR,1574
f.rndn.12x12.train.317,MWR,1472
f.rndn.12x12.train.318,MWR,1686
f.rndn.12x12.train.319,MWR,1653
f.rndn.12x12.train.320,MWR,1533
f.rndn.12x12.train.321,MWR,1501
f.rndn.12x12.train.322,MWR,1524
f.rndn.12x12.train.323,MWR,1513
f.rndn.12x12.train.324,MWR,1447
f.rndn.12x12.train.325,MWR,1545
f.rndn.12x12.train.326,MWR,1639
f.rndn.12x12.train.327,MWR,1435
f.rndn.12x12.train.328,MWR,1525
f.rndn.12x12.train.329,MWR,1464
f.rndn.12x12.train.330,MWR,1544
f.rndn.12x12.train.331,MWR,1457
f.rndn.12x12.train.332,MWR,1481
f.rndn.12x12.train.333,MWR,1508
f.rndn.12x12.train.334,MWR,1494
f.rndn.12x12.train.335,MWR,1454
f.rndn.12x12.train.336,MWR,1474
f.rndn.12x12.train.337,MWR,1551
f.rndn.12x12.train.338,MWR,1459
f.rndn.12x12.train.339,MWR,1495
f.rndn.12x12.train.340,MWR,1483
f.rndn.12x12.train.341,MWR,1505
f.rndn.12x12.train.342,MWR,1580
f.rndn.12x12.train.343,MWR,1584
f.rndn.12x12.train.344,MWR,1473
f.rndn.12x12.train.345,MWR,1538
f.rndn.12x12.train.346,MWR,1470
f.rndn.12x12.train.347,MWR,1599
f.rndn.12x12.train.348,MWR,1495
f.rndn.12x12.train.349,MWR,1588
f.rndn.12x12.train.350,MWR,1555
f.rndn.12x12.train.351,MWR,1435
f.rndn.12x12.train.352,MWR,1532
f.rndn.12x12.train.353,MWR,1547
f.rndn.12x12.train.354,MWR,1700
f.rndn.12x12.train.355,MWR,1604
f.rndn.12x12.train.356,MWR,1495
f.rndn.12x12.train.357,MWR,1497
f.rndn.12x12.train.358,MWR,1431
f.rndn.12x12.train.359,MWR,1646
f.rndn.12x12.train.360,MWR,1537
f.rndn.12x12.train.361,MWR,1442
f.rndn.12x12.train.362,MWR,1490
f.rndn.12x12.train.363,MWR,1429
f.rndn.12x12.train.364,MWR,1457
f.rndn.12x12.train.365,MWR,1496
f.rndn.12x12.train.366,MWR,1535
f.rndn.12x12.train.367,MWR,1485
f.rndn.12x12.train.368,MWR,1617
f.rndn.12x12.train.369,MWR,1575
f.rndn.12x12.train.370,MWR,1438
f.rndn.12x12.train.371,MWR,1544
f.rndn.12x12.train.372,MWR,1513
f.rndn.12x12.train.373,MWR,1538
f.rndn.12x12.train.374,MWR,1551
f.rndn.12x12.train.375,MWR,1494
f.rndn.12x12.train.376,MWR,1529
f.rndn.12x12.train.377,MWR,1467
f.rndn.12x12.train.378,MWR,1537
f.rndn.12x12.train.379,MWR,1608
f.rndn.12x12.train.380,MWR,1528
f.rndn.12x12.train.381,MWR,1592
f.rndn.12x12.train.382,MWR,1603
f.rndn.12x12.train.383,MWR,1584
f.rndn.12x12.train.384,MWR,1437
f.rndn.12x12.train.385,MWR,1439
f.rndn.12x12.train.386,MWR,1471
f.rndn.12x12.train.387,MWR,1504
f.rndn.12x12.train.388,MWR,1522
f.rndn.12x12.train.389,MWR,1391
f.rndn.12x12.train.390,MWR,1544
f.rndn.12x12.train.391,MWR,1556
f.rndn.12x12.train.392,MWR,1488
f.rndn.12x12.train.393,MWR,1531
f.rndn.12x12.train.394,MWR,1443
f.rndn.12x12.train.395,MWR,1499
f.rndn.12x12.train.396,MWR,1459
f.rndn.12x12.train.397,MWR,1602
f.rndn.12x12.train.398,MWR,1474
f.rndn.12x12.train.399,MWR,1627
f.rndn.12x12.train.400,MWR,1492
f.rndn.12x12.train.401,MWR,1521
f.rndn.12x12.train.402,MWR,1441
f.rndn.12x12.train.403,MWR,1663
f.rndn.12x12.train.404,MWR,1480
f.rndn.12x12.train.405,MWR,1543
f.rndn.12x12.train.406,MWR,1514
f.rndn.12x12.train.407,MWR,1523
f.rndn.12x12.train.408,MWR,1548
f.rndn.12x12.train.409,MWR,1693
f.rndn.12x12.train.410,MWR,1585
f.rndn.12x12.train.411,MWR,1420
f.rndn.12x12.train.412,MWR,1438
f.rndn.12x12.train.413,MWR,1546
f.rndn.12x12.train.414,MWR,1554
f.rndn.12x12.train.415,MWR,1609
f.rndn.12x12.train.416,MWR,1455
f.rndn.12x12.train.417,MWR,1425
f.rndn.12x12.train.418,MWR,1487
f.rndn.12x12.train.419,MWR,1506
f.rndn.12x12.train.420,MWR,1538
f.rndn.12x12.train.421,MWR,1494
f.rndn.12x12.train.422,MWR,1453
f.rndn.12x12.train.423,MWR,1490
f.rndn.12x12.train.424,MWR,1445
f.rndn.12x12.train.425,MWR,1571
f.rndn.12x12.train.426,MWR,1561
f.rndn.12x12.train.427,MWR,1567
f.rndn.12x12.train.428,MWR,1563
f.rndn.12x12.train.429,MWR,1532
f.rndn.12x12.train.430,MWR,1615
f.rndn.12x12.train.431,MWR,1471
f.rndn.12x12.train.432,MWR,1570
f.rndn.12x12.train.433,MWR,1544
f.rndn.12x12.train.434,MWR,1626
f.rndn.12x12.train.435,MWR,1511
f.rndn.12x12.train.436,MWR,1472
f.rndn.12x12.train.437,MWR,1584
f.rndn.12x12.train.438,MWR,1467
f.rndn.12x12.train.439,MWR,1583
f.rndn.12x12.train.440,MWR,1501
f.rndn.12x12.train.441,MWR,1387
f.rndn.12x12.train.442,MWR,1532
f.rndn.12x12.train.443,MWR,1601
f.rndn.12x12.train.444,MWR,1524
f.rndn.12x12.train.445,MWR,1537
f.rndn.12x12.train.446,MWR,1614
f.rndn.12x12.train.447,MWR,1486
f.rndn.12x12.train.448,MWR,1448
f.rndn.12x12.train.449,MWR,1548
f.rndn.12x12.train.450,MWR,1577
f.rndn.12x12.train.451,MWR,1643
f.rndn.12x12.train.452,MWR,1498
f.rndn.12x12.train.453,MWR,1547
f.rndn.12x12.train.454,MWR,1493
f.rndn.12x12.train.455,MWR,1436
f.rndn.12x12.train.456,MWR,1501
f.rndn.12x12.train.457,MWR,1612
f.rndn.12x12.train.458,MWR,1537
f.rndn.12x12.train.459,MWR,1477
f.rndn.12x12.train.460,MWR,1504
f.rndn.12x12.train.461,MWR,1502
f.rndn.12x12.train.462,MWR,1491
f.rndn.12x12.train.463,MWR,1551
f.rndn.12x12.train.464,MWR,1436
f.rndn.12x12.train.465,MWR,1544
f.rndn.12x12.train.466,MWR,1467
f.rndn.12x12.train.467,MWR,1616
f.rndn.12x12.train.468,MWR,1516
f.rndn.12x12.train.469,MWR,1481
f.rndn.12x12.train.470,MWR,1640
f.rndn.12x12.train.471,MWR,1553
f.rndn.12x12.train.472,MWR,1498
f.rndn.12x12.train.473,MWR,1445
f.rndn.12x12.train.474,MWR,1581
f.rndn.12x12.train.475,MWR,1483
f.rndn.12x12.train.476,MWR,1522
f.rndn.12x12.train.477,MWR,1385
f.rndn.12x12.train.478,MWR,1510
f.rndn.12x12.train.479,MWR,1535
f.rndn.12x12.train.480,MWR,1572
f.rndn.12x12.train.481,MWR,1535
f.rndn.12x12.train.482,MWR,1483
f.rndn.12x12.train.483,MWR,1596
f.rndn.12x12.train.484,MWR,1665
f.rndn.12x12.train.485,MWR,1581
f.rndn.12x12.train.486,MWR,1535
f.rndn.12x12.train.487,MWR,1475
f.rndn.12x12.train.488,MWR,1594
f.rndn.12x12.train.489,MWR,1541
f.rndn.12x12.train.490,MWR,1541
f.rndn.12x12.train.491,MWR,1589
f.rndn.12x12.train.492,MWR,1575
f.rndn.12x12.train.493,MWR,1449
f.rndn.12x12.train.494,MWR,1581
f.rndn.12x12.train.495,MWR,1505
f.rndn.12x12.train.496,MWR,1553
f.rndn.12x12.train.497,MWR,1507
f.rndn.12x12.train.498,MWR,1486
f.rndn.12x12.train.499,MWR,1452
f.rndn.12x12.train.500,MWR,1531
f.rndn.12x12.train.1,LWR,1206
f.rndn.12x12.train.2,LWR,1193
f.rndn.12x12.train.3,LWR,1186
f.rndn.12x12.train.4,LWR,1211
f.rndn.12x12.train.5,LWR,1185
f.rndn.12x12.train.6,LWR,1200
f.rndn.12x12.train.7,LWR,1203
f.rndn.12x12.train.8,LWR,1184
f.rndn.12x12.train.9,LWR,1177
f.rndn.12x12.train.10,LWR,1182
f.rndn.12x12.train.11,LWR,1193
f.rndn.12x12.train.12,LWR,1182
f.rndn.12x12.train.13,LWR,1217
f.rndn.12x12.train.14,LWR,1193
f.rndn.12x12.train.15,LWR,1211
f.rndn.12x12.train.16,LWR,1195
f.rndn.12x12.train.17,LWR,1196
f.rndn.12x12.train.18,LWR,1188
f.rndn.12x12.train.19,LWR,1204
f.rndn.12x12.train.20,LWR,1192
f.rndn.12x12.train.21,LWR,1192
f.rndn.12x12.train.22,LWR,1189
f.rndn.12x12.train.23,LWR,1193
f.rndn.12x12.train.24,LWR,1199
f.rndn.12x12.train.25,LWR,1190
f.rndn.12x12.train.26,LWR,1192
f.rndn.12x12.train.27,LWR,1198
f.rndn.12x12.train.28,LWR,1180
f.rndn.12x12.train.29,LWR,1188
f.rndn.12x12.train.30,LWR,1194
f.rndn.12x12.train.31,LWR,1207
f.rndn.12x12.train.32,LWR,1198
f.rndn.12x12.train.33,LWR,1191
f.rndn.12x12.train.34,LWR,1191
f.rndn.12x12.train.35,LWR,1226
f.rndn.12x12.train.36,LWR,1178
f.rndn.12x12.train.37,LWR,1201
f.rndn.12x12.train.38,LWR,1193
f.rndn.12x12.train.39,LWR,1184
f.rndn.12x12.train.40,LWR,1189
f.rndn.12x12.train.41,LWR,1161
f.rndn.12x12.train.42,LWR,1190
f.rndn.12x12.train.43,LWR,1179
f.rndn.12x12.train.44,LWR,1211
f.rndn.12x12.train.45,LWR,1212
f.rndn.12x12.train.46,LWR,1214
f.rndn.12x12.train.47,LWR,1198
f.rndn.12x12.train.48,LWR,1192
f.rndn.12x12.train.49,LWR,1190
f.rndn.12x12.train.50,LWR,1172
f.rndn.12x12.train.51,LWR,1202
f.rndn.12x12.train.52,LWR,1207
f.rndn.12x12.train.53,LWR,1197
f.rndn.12x12.train.54,LWR,1195
f.rndn.12x12.train.55,LWR,1196
f.rndn.12x12.train.56,LWR,1202
f.rndn.12x12.train.57,LWR,1204
f.rndn.12x12.train.58,LWR,1201
f.rndn.12x12.train.59,LWR,1195
f.rndn.12x12.train.60,LWR,1216
f.rndn.12x12.train.61,LWR,1203
f.rndn.12x12.train.62,LWR,1183
f.rndn.12x12.train.63,LWR,1201
f.rndn.12x12.train.64,LWR,1200
f.rndn.12x12.train.65,LWR,1182
f.rndn.12x12.train.66,LWR,1200
f.rndn.12x12.train.67,LWR,1200
f.rndn.12x12.train.68,LWR,1187
f.rndn.12x12.train.69,LWR,1202
f.rndn.12x12.train.70,LWR,1196
f.rndn.12x12.train.71,LWR,1218
f.rndn.12x12.train.72,LWR,1179
f.rndn.12x12.train.73,LWR,1200
f.rndn.12x12.train.74,LWR,1199
f.rndn.12x12.train.75,LWR,1188
f.rndn.12x12.train.76,LWR,1195
f.rndn.12x12.train.77,LWR,1174
f.rndn.12x12.train.78,LWR,1203
f.rndn.12x12.train.79,LWR,1213
f.rndn.12x12.train.80,LWR,1184
f.rndn.12x12.train.81,LWR,1185
f.rndn.12x12.train.82,LWR,1197
f.rndn.12x12.train.83,LWR,1210
f.rndn.12x12.train.84,LWR,1178
f.rndn.12x12.train.85,LWR,1194
f.rndn.12x12.train.86,LWR,1183
f.rndn.12x12.train.87,LWR,1204
f.rndn.12x12.train.88,LWR,1204
f.rndn.12x12.train.89,LWR,1209
f.rndn.12x12.train.90,LWR,1199
f.rndn.12x12.train.91,LWR,1189
f.rndn.12x12.train.92,LWR,1200
f.rndn.12x12.train.93,LWR,1197
f.rndn.12x12.train.94,LWR,1196
f.rndn.12x12.train.95,LWR,1217
f.rndn.12x12.train.96,LWR,1183
f.rndn.12x12.train.97,LWR,1194
f.rndn.12x12.train.98,LWR,1193
f.rndn.12x12.train.99,LWR,1194
f.rndn.12x12.train.100,LWR,1201
f.rndn.12x12.train.101,LWR,1197
f.rndn.12x12.train.102,LWR,1194
f.rndn.12x12.train.103,LWR,1186
f.rndn.12x12.train.104,LWR,1184
f.rndn.12x12.train.105,LWR,1194
f.rndn.12x12.train.106,LWR,1178
f.rndn.12x12.train.107,LWR,1197
f.rndn.12x12.train.108,LWR,1195
f.rndn.12x12.train.109,LWR,1194
f.rndn.12x12.train.110,LWR,1193
f.rndn.12x12.train.111,LWR,1184
f.rndn.12x12.train.112,LWR,1198
f.rndn.12x12.train.113,LWR,1197
f.rndn.12x12.train.114,LWR,1189
f.rndn.12x12.train.115,LWR,1200
f.rndn.12x12.train.116,LWR,1205
f.rndn.12x12.train.117,LWR,1192
f.rndn.12x12.train.118,LWR,1187
f.rndn.12x12.train.119,LWR,1196
f.rndn.12x12.train.120,LWR,1206
f.rndn.12x12.train.121,LWR,1193
f.rndn.12x12.train.122,LWR,1196
f.rndn.12x12.train.123,LWR,1187
f.rndn.12x12.train.124,LWR,1204
f.rndn.12x12.train.125,LWR,1221
f.rndn.12x12.train.126,LWR,1212
f.rndn.12x12.train.127,LWR,1204
f.rndn.12x12.train.128,LWR,1206
f.rndn.12x12.train.129,LWR,1208
f.rndn.12x12.train.130,LWR,1192
f.rndn.12x12.train.131,LWR,1190
f.rndn.12x12.train.132,LWR,1196
f.rndn.12x12.train.133,LWR,1208
f.rndn.12x12.train.134,LWR,1187
f.rndn.12x12.train.135,LWR,1189
f.rndn.12x12.train.136,LWR,1205
f.rndn.12x12.train.137,LWR,1200
f.rndn.12x12.train.138,LWR,1194
f.rndn.12x12.train.139,LWR,1201
f.rndn.12x12.train.140,LWR,1192
f.rndn.12x12.train.141,LWR,1206
f.rndn.12x12.train.142,LWR,1193
f.rndn.12x12.train.143,LWR,1201
f.rndn.12x12.train.144,LWR,1200
f.rndn.12x12.train.145,LWR,1192
f.rndn.12x12.train.146,LWR,1207
f.rndn.12x12.train.147,LWR,1195
f.rndn.12x12.train.148,LWR,1199
f.rndn.12x12.train.149,LWR,1210
f.rndn.12x12.train.150,LWR,1192
f.rndn.12x12.train.151,LWR,1186
f.rndn.12x12.train.152,LWR,1195
f.rndn.12x12.train.153,LWR,1192
f.rndn.12x12.train.154,LWR,1188
f.rndn.12x12.train.155,LWR,1198
f.rndn.12x12.train.156,LWR,1197
f.rndn.12x12.train.157,LWR,1206
f.rndn.12x12.train.158,LWR,1196
f.rndn.12x12.train.159,LWR,1199
f.rndn.12x12.train.160,LWR,1205
f.rndn.12x12.train.161,LWR,1198
f.rndn.12x12.train.162,LWR,1201
f.rndn.12x12.train.163,LWR,1199
f.rndn.12x12.train.164,LWR,1191
f.rndn.12x12.train.165,LWR,1200
f.rndn.12x12.train.166,LWR,1205
f.rndn.12x12.train.167,LWR,1185
f.rndn.12x12.train.168,LWR,1208
f.rndn.12x12.train.169,LWR,1206
f.rndn.12x12.train.170,LWR,1197
f.rndn.12x12.train.171,LWR,1204
f.rndn.12x12.train.172,LWR,1201
f.rndn.12x12.train.173,LWR,1195
f.rndn.12x12.train.174,LWR,1198
f.rndn.12x12.train.175,LWR,1201
f.rndn.12x12.train.176,LWR,1191
f.rndn.12x12.train.177,LWR,1204
f.rndn.12x12.train.178,LWR,1196
f.rndn.12x12.train.179,LWR,1181
f.rndn.12x12.train.180,LWR,1196
f.rndn.12x12.train.181,LWR,1218
f.rndn.12x12.train.182,LWR,1210
f.rndn.12x12.train.183,LWR,1192
f.rndn.12x12.train.184,LWR,1185
f.rndn.12x12.train.185,LWR,1180
f.rndn.12x12.train.186,LWR,1204
f.rndn.12x12.train.187,LWR,1203
f.rndn.12x12.train.188,LWR,1205
f.rndn.12x12.train.189,LWR,1194
f.rndn.12x12.train.190,LWR,1219
f.rndn.12x12.train.191,LWR,1199
f.rndn.12x12.train.192,LWR,1176
f.rndn.12x12.train.193,LWR,1189
f.rndn.12x12.train.194,LWR,1194
f.rndn.12x12.train.195,LWR,1207
f.rndn.12x12.train.196,LWR,1207
f.rndn.12x12.train.197,LWR,1192
f.rndn.12x12.train.198,LWR,1194
f.rndn.12x12.train.199,LWR,1191
f.rndn.12x12.train.200,LWR,1208
f.rndn.12x12.train.201,LWR,1193
f.rndn.12x12.train.202,LWR,1188
f.rndn.12x12.train.203,LWR,1196
f.rndn.12x12.train.204,LWR,1212
f.rndn.12x12.train.205,LWR,1216
f.rndn.12x12.train.206,LWR,1215
f.rndn.12x12.train.207,LWR,1187
f.rndn.12x12.train.208,LWR,1177
f.rndn.12x12.train.209,LWR,1200
f.rndn.12x12.train.210,LWR,1188
f.rndn.12x12.train.211,LWR,1198
f.rndn.12x12.train.212,LWR,1205
f.rndn.12x12.train.213,LWR,1204
f.rndn.12x12.train.214,LWR,1196
f.rndn.12x12.train.215,LWR,1184
f.rndn.12x12.train.216,LWR,1193
f.rndn.12x12.train.217,LWR,1201
f.rndn.12x12.train.218,LWR,1186
f.rndn.12x12.train.219,LWR,1202
f.rndn.12x12.train.220,LWR,1201
f.rndn.12x12.train.221,LWR,1216
f.rndn.12x12.train.222,LWR,1196
f.rndn.12x12.train.223,LWR,1197
f.rndn.12x12.train.224,LWR,1185
f.rndn.12x12.train.225,LWR,1204
f.rndn.12x12.train.226,LWR,1211
f.rndn.12x12.train.227,LWR,1182
f.rndn.12x12.train.228,LWR,1174
f.rndn.12x12.train.229,LWR,1191
f.rndn.12x12.train.230,LWR,1185
f.rndn.12x12.train.231,LWR,1204
f.rndn.12x12.train.232,LWR,1188
f.rndn.12x12.train.233,LWR,1201
f.rndn.12x12.train.234,LWR,1200
f.rndn.12x12.train.235,LWR,1198
f.rndn.12x12.train.236,LWR,1190
f.rndn.12x12.train.237,LWR,1191
f.rndn.12x12.train.238,LWR,1198
f.rndn.12x12.train.239,LWR,1198
f.rndn.12x12.train.240,LWR,1189
f.rndn.12x12.train.241,LWR,1199
f.rndn.12x12.train.242,LWR,1196
f.rndn.12x12.train.243,LWR,1203
f.rndn.12x12.train.244,LWR,1194
f.rndn.12x12.train.245,LWR,1190
f.rndn.12x12.train.246,LWR,1185
f.rndn.12x12.train.247,LWR,1205
f.rndn.12x12.train.248,LWR,1186
f.rndn.12x12.train.249,LWR,1195
f.rndn.12x12.train.250,LWR,1184
f.rndn.12x12.train.251,LWR,1183
f.rndn.12x12.train.252,LWR,1190
f.rndn.12x12.train.253,LWR,1208
f.rndn.12x12.train.254,LWR,1202
f.rndn.12x12.train.255,LWR,1194
f.rndn.12x12.train.256,LWR,1186
f.rndn.12x12.train.257,LWR,1198
f.rndn.12x12.train.258,LWR,1208
f.rndn.12x12.train.259,LWR,1197
f.rndn.12x12.train.260,LWR,1209
f.rndn.12x12.train.261,LWR,1196
f.rndn.12x12.train.262,LWR,1202
f.rndn.12x12.train.263,LWR,1201
f.rndn.12x12.train.264,LWR,1196
f.rndn.12x12.train.265,LWR,1186
f.rndn.12x12.train.266,LWR,1204
f.rndn.12x12.train.267,LWR,1181
f.rndn.12x12.train.268,LWR,1195
f.rndn.12x12.train.269,LWR,1198
f.rndn.12x12.train.270,LWR,1215
f.rndn.12x12.train.271,LWR,1186
f.rndn.12x12.train.272,LWR,1193
f.rndn.12x12.train.273,LWR,1198
f.rndn.12x12.train.274,LWR,1204
f.rndn.12x12.train.275,LWR,1209
f.rndn.12x12.train.276,LWR,1188
f.rndn.12x12.train.277,LWR,1215
f.rndn.12x12.train.278,LWR,1200
f.rndn.12x12.train.279,LWR,1203
f.rndn.12x12.train.280,LWR,1199
f.rndn.12x12.train.281,LWR,1203
f.rndn.12x12.train.282,LWR,1191
f.rndn.12x12.train.283,LWR,1193
f.rndn.12x12.train.284,LWR,1200
f.rndn.12x12.train.285,LWR,1207
f.rndn.12x12.train.286,LWR,1184
f.rndn.12x12.train.287,LWR,1199
f.rndn.12x12.train.288,LWR,1191
f.rndn.12x12.train.289,LWR,1198
f.rndn.12x12.train.290,LWR,1192
f.rndn.12x12.train.291,LWR,1201
f.rndn.12x12.train.292,LWR,1184
f.rndn.12x12.train.293,LWR,1182
f.rndn.12x12.train.294,LWR,1197
f.rndn.12x12.train.295,LWR,1188
f.rndn.12x12.train.296,LWR,1194
f.rndn.12x12.train.297,LWR,1206
f.rndn.12x12.train.298,LWR,1200
f.rndn.12x12.train.299,LWR,1175
f.rndn.12x12.train.300,LWR,1191
f.rndn.12x12.train.301,LWR,1194
f.rndn.12x12.train.302,LWR,1186
f.rndn.12x12.train.303,LWR,1208
f.rndn.12x12.train.304,LWR,1194
f.rndn.12x12.train.305,LWR,1196
f.rndn.12x12.train.306,LWR,1212
f.rndn.12x12.train.307,LWR,1186
f.rndn.12x12.train.308,LWR,1186
f.rndn.12x12.train.309,LWR,1216
f.rndn.12x12.train.310,LWR,1182
f.rndn.12x12.train.311,LWR,1195
f.rndn.12x12.train.312,LWR,1215
f.rndn.12x12.train.313,LWR,1193
f.rndn.12x12.train.314,LWR,1175
f.rndn.12x12.train.315,LWR,1187
f.rndn.12x12.train.316,LWR,1196
f.rndn.12x12.train.317,LWR,1194
f.rndn.12x12.train.318,LWR,1204
f.rndn.12x12.train.319,LWR,1209
f.rndn.12x12.train.320,LWR,1193
f.rndn.12x12.train.321,LWR,1188
f.rndn.12x12.train.322,LWR,1195
f.rndn.12x12.train.323,LWR,1195
f.rndn.12x12.train.324,LWR,1196
f.rndn.12x12.train.325,LWR,1215
f.rndn.12x12.train.326,LWR,1206
f.rndn.12x12.train.327,LWR,1194
f.rndn.12x12.train.328,LWR,1199
f.rndn.12x12.train.329,LWR,1195
f.rndn.12x12.train.330,LWR,1189
f.rndn.12x12.train.331,LWR,1191
f.rndn.12x12.train.332,LWR,1184
f.rndn.12x12.train.333,LWR,1209
f.rndn.12x12.train.334,LWR,1202
f.rndn.12x12.train.335,LWR,1231
f.rndn.12x12.train.336,LWR,1189
f.rndn.12x12.train.337,LWR,1207
f.rndn.12x12.train.338,LWR,1197
f.rndn.12x12.train.339,LWR,1206
f.rndn.12x12.train.340,LWR,1182
f.rndn.12x12.train.341,LWR,1196
f.rndn.12x12.train.342,LWR,1201
f.rndn.12x12.train.343,LWR,1182
f.rndn.12x12.train.344,LWR,1203
f.rndn.12x12.train.345,LWR,1179
f.rndn.12x12.train.346,LWR,1181
f.rndn.12x12.train.347,LWR,1210
f.rndn.12x12.train.348,LWR,1181
f.rndn.12x12.train.349,LWR,1187
f.rndn.12x12.train.350,LWR,1214
f.rndn.12x12.train.351,LWR,1203
f.rndn.12x12.train.352,LWR,1185
f.rndn.12x12.train.353,LWR,1208
f.rndn.12x12.train.354,LWR,1197
f.rndn.12x12.train.355,LWR,1203
f.rndn.12x12.train.356,LWR,1193
f.rndn.12x12.train.357,LWR,1202
f.rndn.12x12.train.358,LWR,1197
f.rndn.12x12.train.359,LWR,1189
f.rndn.12x12.train.360,LWR,1191
f.rndn.12x12.train.361,LWR,1192
f.rndn.12x12.train.362,LWR,1195
f.rndn.12x12.train.363,LWR,1202
f.rndn.12x12.train.364,LWR,1191
f.rndn.12x12.train.365,LWR,1191
f.rndn.12x12.train.366,LWR,1200
f.rndn.12x12.train.367,LWR,1195
f.rndn.12x12.train.368,LWR,1189
f.rndn.12x12.train.369,LWR,1216
f.rndn.12x12.train.370,LWR,1198
f.rndn.12x12.train.371,LWR,1205
f.rndn.12x12.train.372,LWR,1195
f.rndn.12x12.train.373,LWR,1206
f.rndn.12x12.train.374,LWR,1201
f.rndn.12x12.train.375,LWR,1203
f.rndn.12x12.train.376,LWR,1199
f.rndn.12x12.train.377,LWR,1197
f.rndn.12x12.train.378,LWR,1182
f.rndn.12x12.train.379,LWR,1187
f.rndn.12x12.train.380,LWR,1193
f.rndn.12x12.train.381,LWR,1202
f.rndn.12x12.train.382,LWR,1177
f.rndn.12x12.train.383,LWR,1185
f.rndn.12x12.train.384,LWR,1202
f.rndn.12x12.train.385,LWR,1209
f.rndn.12x12.train.386,LWR,1192
f.rndn.12x12.train.387,LWR,1188
f.rndn.12x12.train.388,LWR,1191
f.rndn.12x12.train.389,LWR,1204
f.rndn.12x12.train.390,LWR,1201
f.rndn.12x12.train.391,LWR,1193
f.rndn.12x12.train.392,LWR,1202
f.rndn.12x12.train.393,LWR,1174
f.rndn.12x12.train.394,LWR,1208
f.rndn.12x12.train.395,LWR,1203
f.rndn.12x12.train.396,LWR,1197
f.rndn.12x12.train.397,LWR,1199
f.rndn.12x12.train.398,LWR,1187
f.rndn.12x12.train.399,LWR,1200
f.rndn.12x12.train.400,LWR,1198
f.rndn.12x12.train.401,LWR,1199
f.rndn.12x12.train.402,LWR,1187
f.rndn.12x12.train.403,LWR,1209
f.rndn.12x12.train.404,LWR,1179
f.rndn.12x12.train.405,LWR,1196
f.rndn.12x12.train.406,LWR,1205
f.rndn.12x12.train.407,LWR,1194
f.rndn.12x12.train.408,LWR,1199
f.rndn.12x12.train.409,LWR,1200
f.rndn.12x12.train.410,LWR,1203
f.rndn.12x12.train.411,LWR,1186
f.rndn.12x12.train.412,LWR,1188
f.rndn.12x12.train.413,LWR,1191
f.rndn.12x12.train.414,LWR,1211
f.rndn.12x12.train.415,LWR,1201
f.rndn.12x12.train.416,LWR,1195
f.rndn.12x12.train.417,LWR,1194
f.rndn.12x12.train.418,LWR,1216
f.rndn.12x12.train.419,LWR,1200
f.rndn.12x12.train.420,LWR,1211
f.rndn.12x12.train.421,LWR,1177
f.rndn.12x12.train.422,LWR,1211
f.rndn.12x12.train.423,LWR,1211
f.rndn.12x12.train.424,LWR,1185
f.rndn.12x12.train.425,LWR,1192
f.rndn.12x12.train.426,LWR,1198
f.rndn.12x12.train.427,LWR,1186
f.rndn.12x12.train.428,LWR,1208
f.rndn.12x12.train.429,LWR,1193
f.rndn.12x12.train.430,LWR,1210
f.rndn.12x12.train.431,LWR,1211
f.rndn.12x12.train.432,LWR,1205
f.rndn.12x12.train.433,LWR,1190
f.rndn.12x12.train.434,LWR,1177
f.rndn.12x12.train.435,LWR,1209
f.rndn.12x12.train.436,LWR,1198
f.rndn.12x12.train.437,LWR,1213
f.rndn.12x12.train.438,LWR,1201
f.rndn.12x12.train.439,LWR,1200
f.rndn.12x12.train.440,LWR,1200
f.rndn.12x12.train.441,LWR,1192
f.rndn.12x12.train.442,LWR,1186
f.rndn.12x12.train.443,LWR,1193
f.rndn.12x12.train.444,LWR,1194
f.rndn.12x12.train.445,LWR,1192
f.rndn.12x12.train.446,LWR,1203
f.rndn.12x12.train.447,LWR,1186
f.rndn.12x12.train.448,LWR,1197
f.rndn.12x12.train.449,LWR,1187
f.rndn.12x12.train.450,LWR,1200
f.rndn.12x12.train.451,LWR,1167
f.rndn.12x12.train.452,LWR,1207
f.rndn.12x12.train.453,LWR,1187
f.rndn.12x12.train.454,LWR,1201
f.rndn.12x12.train.455,LWR,1197
f.rndn.12x12.train.456,LWR,1199
f.rndn.12x12.train.457,LWR,1205
f.rndn.12x12.train.458,LWR,1189
f.rndn.12x12.train.459,LWR,1214
f.rndn.12x12.train.460,LWR,1202
f.rndn.12x12.train.461,LWR,1191
f.rndn.12x12.train.462,LWR,1180
f.rndn.12x12.train.463,LWR,1192
f.rndn.12x12.train.464,LWR,1212
f.rndn.12x12.train.465,LWR,1201
f.rndn.12x12.train.466,LWR,1175
f.rndn.12x12.train.467,LWR,1196
f.rndn.12x12.train.468,LWR,1199
f.rndn.12x12.train.469,LWR,1188
f.rndn.12x12.train.470,LWR,1195
f.rndn.12x12.train.471,LWR,1209
f.rndn.12x12.train.472,LWR,1207
f.rndn.12x12.train.473,LWR,1192
f.rndn.12x12.train.474,LWR,1206
f.rndn.12x12.train.475,LWR,1220
f.rndn.12x12.train.476,LWR,1200
f.rndn.12x12.train.477,LWR,1200
f.rndn.12x12.train.478,LWR,1209
f.rndn.12x12.train.479,LWR,1192
f.rndn.12x12.train.480,LWR,1185
f.rndn.12x12.train.481,LWR,1208
f.rndn.12x12.train.482,LWR,1185
f.rndn.12x12.train.483,LWR,1207
f.rndn.12x12.train.484,LWR,1187
f.rndn.12x12.train.485,LWR,1192
f.rndn.12x12.train.486,LWR,1187
f.rndn.12x12.train.487,LWR,1175
f.rndn.12x12.train.488,LWR,1199
f.rndn.12x12.train.489,LWR,1194
f.rndn.12x12.train.490,LWR,1208
f.rndn.12x12.train.491,LWR,1200
f.rndn.12x12.train.492,LWR,1187
f.rndn.12x12.train.493,LWR,1226
f.rndn.12x12.train.494,LWR,1205
f.rndn.12x12.train.495,LWR,1195
f.rndn.12x12.train.496,LWR,1194
f.rndn.12x12.train.497,LWR,1213
f.rndn.12x12.train.498,LWR,1200
f.rndn.12x12.train.499,LWR,1184
f.rndn.12x12.train.500,LWR,1197
f.rndn.12x12.train.1,RND,1543
f.rndn.12x12.train.2,RND,1482
f.rndn.12x12.train.3,RND,1444
f.rndn.12x12.train.4,RND,1494
f.rndn.12x12.train.5,RND,1438
f.rndn.12x12.train.6,RND,1553
f.rndn.12x12.train.7,RND,1444
f.rndn.12x12.train.8,RND,1516
f.rndn.12x12.train.9,RND,1405
f.rndn.12x12.train.10,RND,1395
f.rndn.12x12.train.11,RND,1532
f.rndn.12x12.train.12,RND,1407
f.rndn.12x12.train.13,RND,1591
f.rndn.12x12.train.14,RND,1556
f.rndn.12x12.train.15,RND,1542
f.rndn.12x12.train.16,RND,1451
f.rndn.12x12.train.17,RND,1333
f.rndn.12x12.train.18,RND,1470
f.rndn.12x12.train.19,RND,1426
f.rndn.12x12.train.20,RND,1462
f.rndn.12x12.train.21,RND,1523
f.rndn.12x12.train.22,RND,1471
f.rndn.12x12.train.23,RND,1537
f.rndn.12x12.train.24,RND,1530
f.rndn.12x12.train.25,RND,1488
f.rndn.12x12.train.26,RND,1424
f.rndn.12x12.train.27,RND,1502
f.rndn.12x12.train.28,RND,1416
f.rndn.12x12.train.29,RND,1469
f.rndn.12x12.train.30,RND,1480
f.rndn.12x12.train.31,RND,1415
f.rndn.12x12.train.32,RND,1467
f.rndn.12x12.train.33,RND,1525
f.rndn.12x12.train.34,RND,1400
f.rndn.12x12.train.35,RND,1395
f.rndn.12x12.train.36,RND,1533
f.rndn.12x12.train.37,RND,1511
f.rndn.12x12.train.38,RND,1532
f.rndn.12x12.train.39,RND,1496
f.rndn.12x12.train.40,RND,1410
f.rndn.12x12.train.41,RND,1550
f.rndn.12x12.train.42,RND,1497
f.rndn.12x12.train.43,RND,1528
f.rndn.12x12.train.44,RND,1477
f.rndn.12x12.train.45,RND,1568
f.rndn.12x12.train.46,RND,1424
f.rndn.12x12.train.47,RND,1432
f.rndn.12x12.train.48,RND,1413
f.rndn.12x12.train.49,RND,1434
f.rndn.12x12.train.50,RND,1471
f.rndn.12x12.train.51,RND,1469
f.rndn.12x12.train.52,RND,1476
f.rndn.12x12.train.53,RND,1523
f.rndn.12x12.train.54,RND,1532
f.rndn.12x12.train.55,RND,1431
f.rndn.12x12.train.56,RND,1568
f.rndn.12x12.train.57,RND,1509
f.rndn.12x12.train.58,RND,1436
f.rndn.12x12.train.59,RND,1433
f.rndn.12x12.train.60,RND,1624
f.rndn.12x12.train.61,RND,1622
f.rndn.12x12.train.62,RND,1467
f.rndn.12x12.train.63,RND,1433
f.rndn.12x12.train.64,RND,1389
f.rndn.12x12.train.65,RND,1480
f.rndn.12x12.train.66,RND,1510
f.rndn.12x12.train.67,RND,1589
f.rndn.12x12.train.68,RND,1537
f.rndn.12x12.train.69,RND,1486
f.rndn.12x12.train.70,RND,1421
f.rndn.12x12.train.71,RND,1607
f.rndn.12x12.train.72,RND,1436
f.rndn.12x12.train.73,RND,1519
f.rndn.12x12.train.74,RND,1613
f.rndn.12x12.train.75,RND,1519
f.rndn.12x12.train.76,RND,1472
f.rndn.12x12.train.77,RND,1415
f.rndn.12x12.train.78,RND,1572
f.rndn.12x12.train.79,RND,1509
f.rndn.12x12.train.80,RND,1469
f.rndn.12x12.train.81,RND,1395
f.rndn.12x12.train.82,RND,1436
f.rndn.12x12.train.83,RND,1547
f.rndn.12x12.train.84,RND,1482
f.rndn.12x12.train.85,RND,1502
f.rndn.12x12.train.86,RND,1539
f.rndn.12x12.train.87,RND,1438
f.rndn.12x12.train.88,RND,1479
f.rndn.12x12.train.89,RND,1509
f.rndn.12x12.train.90,RND,1421
f.rndn.12x12.train.91,RND,1500
f.rndn.12x12.train.92,RND,1476
f.rndn.12x12.train.93,RND,1602
f.rndn.12x12.train.94,RND,1514
f.rndn.12x12.train.95,RND,1587
f.rndn.12x12.train.96,RND,1517
f.rndn.12x12.train.97,RND,1569
f.rndn.12x12.train.98,RND,1454
f.rndn.12x12.train.99,RND,1524
f.rndn.12x12.train.100,RND,1491
f.rndn.12x12.train.101,RND,1549
f.rndn.12x12.train.102,RND,1545
f.rndn.12x12.train.103,RND,1396
f.rndn.12x12.train.104,RND,1505
f.rndn.12x12.train.105,RND,1432
f.rndn.12x12.train.106,RND,1348
f.rndn.12x12.train.107,RND,1459
f.rndn.12x12.train.108,RND,1429
f.rndn.12x12.train.109,RND,1454
f.rndn.12x12.train.110,RND,1414
f.rndn.12x12.train.111,RND,1495
f.rndn.12x12.train.112,RND,1429
f.rndn.12x12.train.113,RND,1454
f.rndn.12x12.train.114,RND,1513
f.rndn.12x12.train.115,RND,1454
f.rndn.12x12.train.116,RND,1450
f.rndn.12x12.train.117,RND,1369
f.rndn.12x12.train.118,RND,1458
f.rndn.12x12.train.119,RND,1488
f.rndn.12x12.train.120,RND,1536
f.rndn.12x12.train.121,RND,1509
f.rndn.12x12.train.122,RND,1462
f.rndn.12x12.train.123,RND,1602
f.rndn.12x12.train.124,RND,1503
f.rndn.12x12.train.125,RND,1468
f.rndn.12x12.train.126,RND,1419
f.rndn.12x12.train.127,RND,1505
f.rndn.12x12.train.128,RND,1447
f.rndn.12x12.train.129,RND,1375
f.rndn.12x12.train.130,RND,1479
f.rndn.12x12.train.131,RND,1510
f.rndn.12x12.train.132,RND,1551
f.rndn.12x12.train.133,RND,1429
f.rndn.12x12.train.134,RND,1513
f.rndn.12x12.train.135,RND,1519
f.rndn.12x12.train.136,RND,1487
f.rndn.12x12.train.137,RND,1475
f.rndn.12x12.train.138,RND,1404
f.rndn.12x12.train.139,RND,1537
f.rndn.12x12.train.140,RND,1515
f.rndn.12x12.train.141,RND,1386
f.rndn.12x12.train.142,RND,1451
f.rndn.12x12.train.143,RND,1517
f.rndn.12x12.train.144,RND,1486
f.rndn.12x12.train.145,RND,1513
f.rndn.12x12.train.146,RND,1506
f.rndn.12x12.train.147,RND,1489
f.rndn.12x12.train.148,RND,1403
f.rndn.12x12.train.149,RND,1412
f.rndn.12x12.train.150,RND,1478
f.rndn.12x12.train.151,RND,1448
f.rndn.12x12.train.152,RND,1396
f.rndn.12x12.train.153,RND,1469
f.rndn.12x12.train.154,RND,1381
f.rndn.12x12.train.155,RND,1546
f.rndn.12x12.train.156,RND,1551
f.rndn.12x12.train.157,RND,1527
f.rndn.12x12.train.158,RND,1502
f.rndn.12x12.train.159,RND,1545
f.rndn.12x12.train.160,RND,1461
f.rndn.12x12.train.161,RND,1518
f.rndn.12x12.train.162,RND,1548
f.rndn.12x12.train.163,RND,1611
f.rndn.12x12.train.164,RND,1552
f.rndn.12x12.train.165,RND,1528
f.rndn.12x12.train.166,RND,1470
f.rndn.12x12.train.167,RND,1410
f.rndn.12x12.train.168,RND,1449
f.rndn.12x12.train.169,RND,1578
f.rndn.12x12.train.170,RND,1526
f.rndn.12x12.train.171,RND,1377
f.rndn.12x12.train.172,RND,1434
f.rndn.12x12.train.173,RND,1523
f.rndn.12x12.train.174,RND,1560
f.rndn.12x12.train.175,RND,1393
f.rndn.12x12.train.176,RND,1363
f.rndn.12x12.train.177,RND,1544
f.rndn.12x12.train.178,RND,1414
f.rndn.12x12.train.179,RND,1437
f.rndn.12x12.train.180,RND,1518
f.rndn.12x12.train.181,RND,1422
f.rndn.12x12.train.182,RND,1420
f.rndn.12x12.train.183,RND,1494
f.rndn.12x12.train.184,RND,1397
f.rndn.12x12.train.185,RND,1483
f.rndn.12x12.train.186,RND,1569
f.rndn.12x12.train.187,RND,1458
f.rndn.12x12.train.188,RND,1401
f.rndn.12x12.train.189,RND,1339
f.rndn.12x12.train.190,RND,1506
f.rndn.12x12.train.191,RND,1513
f.rndn.12x12.train.192,RND,1404
f.rndn.12x12.train.193,RND,1433
f.rndn.12x12.train.194,RND,1316
f.rndn.12x12.train.195,RND,1357
f.rndn.12x12.train.196,RND,1508
f.rndn.12x12.train.197,RND,1451
f.rndn.12x12.train.198,RND,1382
f.rndn.12x12.train.199,RND,1365
f.rndn.12x12.train.200,RND,1423
f.rndn.12x12.train.201,RND,1364
f.rndn.12x12.train.202,RND,1317
f.rndn.12x12.train.203,RND,1391
f.rndn.12x12.train.204,RND,1387
f.rndn.12x12.train.205,RND,1390
f.rndn.12x12.train.206,RND,1389
f.rndn.12x12.train.207,RND,1370
f.rndn.12x12.train.208,RND,1486
f.rndn.12x12.train.209,RND,1366
f.rndn.12x12.train.210,RND,1326
f.rndn.12x12.train.211,RND,1454
f.rndn.12x12.train.212,RND,1526
f.rndn.12x12.train.213,RND,1414
f.rndn.12x12.train.214,RND,1341
f.rndn.12x12.train.215,RND,1362
f.rndn.12x12.train.216,RND,1337
f.rndn.12x12.train.217,RND,1368
f.rndn.12x12.train.218,RND,1370
f.rndn.12x12.train.219,RND,1419
f.rndn.12x12.train.220,RND,1541
f.rndn.12x12.train.221,RND,1484
f.rndn.12x12.train.222,RND,1400
f.rndn.12x12.train.223,RND,1537
f.rndn.12x12.train.224,RND,1566
f.rndn.12x12.train.225,RND,1509
f.rndn.12x12.train.226,RND,1469
f.rndn.12x12.train.227,RND,1438
f.rndn.12x12.train.228,RND,1450
f.rndn.12x12.train.229,RND,1486
f.rndn.12x12.train.230,RND,1531
f.rndn.12x12.train.231,RND,1383
f.rndn.12x12.train.232,RND,1466
f.rndn.12x12.train.233,RND,1376
f.rndn.12x12.train.234,RND,1465
f.rndn.12x12.train.235,RND,1322
f.rndn.12x12.train.236,RND,1418
f.rndn.12x12.train.237,RND,1451
f.rndn.12x12.train.238,RND,1521
f.rndn.12x12.train.239,RND,1456
f.rndn.12x12.train.240,RND,1407
f.rndn.12x12.train.241,RND,1510
f.rndn.12x12.train.242,RND,1525
f.rndn.12x12.train.243,RND,1394
f.rndn.12x12.train.244,RND,1468
f.rndn.12x12.train.245,RND,1375
f.rndn.12x12.train.246,RND,1363
f.rndn.12x12.train.247,RND,1521
f.rndn.12x12.train.248,RND,1420
f.rndn.12x12.train.249,RND,1470
f.rndn.12x12.train.250,RND,1399
f.rndn.12x12.train.251,RND,1394
f.rndn.12x12.train.252,RND,1471
f.rndn.12x12.train.253,RND,1483
f.rndn.12x12.train.254,RND,1416
f.rndn.12x12.train.255,RND,1451
f.rndn.12x12.train.256,RND,1431
f.rndn.12x12.train.257,RND,1416
f.rndn.12x12.train.258,RND,1413
f.rndn.12x12.train.259,RND,1334
f.rndn.12x12.train.260,RND,1431
f.rndn.12x12.train.261,RND,1360
f.rndn.12x12.train.262,RND,1446
f.rndn.12x12.train.263,RND,1375
f.rndn.12x12.train.264,RND,1399
f.rndn.12x12.train.265,RND,1415
f.rndn.12x12.train.266,RND,1436
f.rndn.12x12.train.267,RND,1463
f.rndn.12x12.train.268,RND,1373
f.rndn.12x12.train.269,RND,1352
f.rndn.12x12.train.270,RND,1482
f.rndn.12x12.train.271,RND,1490
f.rndn.12x12.train.272,RND,1485
f.rndn.12x12.train.273,RND,1436
f.rndn.12x12.train.274,RND,1469
f.rndn.12x12.train.275,RND,1424
f.rndn.12x12.train.276,RND,1359
f.rndn.12x12.train.277,RND,1395
f.rndn.12x12.train.278,RND,1469
f.rndn.12x12.train.279,RND,1381
f.rndn.12x12.train.280,RND,1449
f.rndn.12x12.train.281,RND,1525
f.rndn.12x12.train.282,RND,1384
f.rndn.12x12.train.283,RND,1505
f.rndn.12x12.train.284,RND,1395
f.rndn.12x12.train.285,RND,1381
f.rndn.12x12.train.286,RND,1346
f.rndn.12x12.train.287,RND,1482
f.rndn.12x12.train.288,RND,1385
f.rndn.12x12.train.289,RND,1375
f.rndn.12x12.train.290,RND,1385
f.rndn.12x12.train.291,RND,1523
f.rndn.12x12.train.292,RND,1472
f.rndn.12x12.train.293,RND,1444
f.rndn.12x12.train.294,RND,1443
f.rndn.12x12.train.295,RND,1409
f.rndn.12x12.train.296,RND,1419
f.rndn.12x12.train.297,RND,1436
f.rndn.12x12.train.298,RND,1330
f.rndn.12x12.train.299,RND,1574
f.rndn.12x12.train.300,RND,1408
f.rndn.12x12.train.301,RND,1460
f.rndn.12x12.train.302,RND,1405
f.rndn.12x12.train.303,RND,1426
f.rndn.12x12.train.304,RND,1380
f.rndn.12x12.train.305,RND,1450
f.rndn.12x12.train.306,RND,1432
f.rndn.12x12.train.307,RND,1497
f.rndn.12x12.train.308,RND,1434
f.rndn.12x12.train.309,RND,1388
f.rndn.12x12.train.310,RND,1509
f.rndn.12x12.train.311,RND,1520
f.rndn.12x12.train.312,RND,1409
f.rndn.12x12.train.313,RND,1474
f.rndn.12x12.train.314,RND,1461
f.rndn.12x12.train.315,RND,1465
f.rndn.12x12.train.316,RND,1451
f.rndn.12x12.train.317,RND,1404
f.rndn.12x12.train.318,RND,1480
f.rndn.12x12.train.319,RND,1592
f.rndn.12x12.train.320,RND,1392
f.rndn.12x12.train.321,RND,1425
f.rndn.12x12.train.322,RND,1460
f.rndn.12x12.train.323,RND,1454
f.rndn.12x12.train.324,RND,1549
f.rndn.12x12.train.325,RND,1450
f.rndn.12x12.train.326,RND,1474
f.rndn.12x12.train.327,RND,1519
f.rndn.12x12.train.328,RND,1615
f.rndn.12x12.train.329,RND,1504
f.rndn.12x12.train.330,RND,1509
f.rndn.12x12.train.331,RND,1460
f.rndn.12x12.train.332,RND,1418
f.rndn.12x12.train.333,RND,1551
f.rndn.12x12.train.334,RND,1420
f.rndn.12x12.train.335,RND,1519
f.rndn.12x12.train.336,RND,1397
f.rndn.12x12.train.337,RND,1526
f.rndn.12x12.train.338,RND,1418
f.rndn.12x12.train.339,RND,1446
f.rndn.12x12.train.340,RND,1458
f.rndn.12x12.train.341,RND,1420
f.rndn.12x12.train.342,RND,1510
f.rndn.12x12.train.343,RND,1568
f.rndn.12x12.train.344,RND,1456
f.rndn.12x12.train.345,RND,1517
f.rndn.12x12.train.346,RND,1431
f.rndn.12x12.train.347,RND,1436
f.rndn.12x12.train.348,RND,1457
f.rndn.12x12.train.349,RND,1499
f.rndn.12x12.train.350,RND,1472
f.rndn.12x12.train.351,RND,1374
f.rndn.12x12.train.352,RND,1415
f.rndn.12x12.train.353,RND,1444
f.rndn.12x12.train.354,RND,1565
f.rndn.12x12.train.355,RND,1576
f.rndn.12x12.train.356,RND,1347
f.rndn.12x12.train.357,RND,1557
f.rndn.12x12.train.358,RND,1411
f.rndn.12x12.train.359,RND,1450
f.rndn.12x12.train.360,RND,1446
f.rndn.12x12.train.361,RND,1364
f.rndn.12x12.train.362,RND,1433
f.rndn.12x12.train.363,RND,1631
f.rndn.12x12.train.364,RND,1551
f.rndn.12x12.train.365,RND,1510
f.rndn.12x12.train.366,RND,1367
f.rndn.12x12.train.367,RND,1454
f.rndn.12x12.train.368,RND,1556
f.rndn.12x12.train.369,RND,1437
f.rndn.12x12.train.370,RND,1464
f.rndn.12x12.train.371,RND,1386
f.rndn.12x12.train.372,RND,1503
f.rndn.12x12.train.373,RND,1416
f.rndn.12x12.train.374,RND,1376
f.rndn.12x12.train.375,RND,1495
f.rndn.12x12.train.376,RND,1412
f.rndn.12x12.train.377,RND,1350
f.rndn.12x12.train.378,RND,1559
f.rndn.12x12.train.379,RND,1476
f.rndn.12x12.train.380,RND,1451
f.rndn.12x12.train.381,RND,1454
f.rndn.12x12.train.382,RND,1398
f.rndn.12x12.train.383,RND,1371
f.rndn.12x12.train.384,RND,1460
f.rndn.12x12.train.385,RND,1272
f.rndn.12x12.train.386,RND,1575
f.rndn.12x12.train.387,RND,1584
f.rndn.12x12.train.388,RND,1325
f.rndn.12x12.train.389,RND,1514
f.rndn.12x12.train.390,RND,1528
f.rndn.12x12.train.391,RND,1523
f.rndn.12x12.train.392,RND,1508
f.rndn.12x12.train.393,RND,1319
f.rndn.12x12.train.394,RND,1486
f.rndn.12x12.train.395,RND,1435
f.rndn.12x12.train.396,RND,1471
f.rndn.12x12.train.397,RND,1547
f.rndn.12x12.train.398,RND,1473
f.rndn.12x12.train.399,RND,1538
f.rndn.12x12.train.400,RND,1483
f.rndn.12x12.train.401,RND,1467
f.rndn.12x12.train.402,RND,1487
f.rndn.12x12.train.403,RND,1487
f.rndn.12x12.train.404,RND,1312
f.rndn.12x12.train.405,RND,1408
f.rndn.12x12.train.406,RND,1321
f.rndn.12x12.train.407,RND,1467
f.rndn.12x12.train.408,RND,1391
f.rndn.12x12.train.409,RND,1476
f.rndn.12x12.train.410,RND,1398
f.rndn.12x12.train.411,RND,1410
f.rndn.12x12.train.412,RND,1411
f.rndn.12x12.train.413,RND,1501
f.rndn.12x12.train.414,RND,1328
f.rndn.12x12.train.415,RND,1393
f.rndn.12x12.train.416,RND,1441
f.rndn.12x12.train.417,RND,1462
f.rndn.12x12.train.418,RND,1447
f.rndn.12x12.train.419,RND,1447
f.rndn.12x12.train.420,RND,1502
f.rndn.12x12.train.421,RND,1406
f.rndn.12x12.train.422,RND,1424
f.rndn.12x12.train.423,RND,1473
f.rndn.12x12.train.424,RND,1532
f.rndn.12x12.train.425,RND,1564
f.rndn.12x12.train.426,RND,1515
f.rndn.12x12.train.427,RND,1524
f.rndn.12x12.train.428,RND,1422
f.rndn.12x12.train.429,RND,1519
f.rndn.12x12.train.430,RND,1477
f.rndn.12x12.train.431,RND,1435
f.rndn.12x12.train.432,RND,1516
f.rndn.12x12.train.433,RND,1469
f.rndn.12x12.train.434,RND,1425
f.rndn.12x12.train.435,RND,1474
f.rndn.12x12.train.436,RND,1595
f.rndn.12x12.train.437,RND,1445
f.rndn.12x12.train.438,RND,1439
f.rndn.12x12.train.439,RND,1465
f.rndn.12x12.train.440,RND,1526
f.rndn.12x12.train.441,RND,1472
f.rndn.12x12.train.442,RND,1424
f.rndn.12x12.train.443,RND,1508
f.rndn.12x12.train.444,RND,1428
f.rndn.12x12.train.445,RND,1511
f.rndn.12x12.train.446,RND,1405
f.rndn.12x12.train.447,RND,1498
f.rndn.12x12.train.448,RND,1430
f.rndn.12x12.train.449,RND,1322
f.rndn.12x12.train.450,RND,1428
f.rndn.12x12.train.451,RND,1490
f.rndn.12x12.train.452,RND,1469
f.rndn.12x12.train.453,RND,1410
f.rndn.12x12.train.454,RND,1542
f.rndn.12x12.train.455,RND,1457
f.rndn.12x12.train.456,RND,1431
f.rndn.12x12.train.457,RND,1475
f.rndn.12x12.train.458,RND,1445
f.rndn.12x12.train.459,RND,1547
f.rndn.12x12.train.460,RND,1491
f.rndn.12x12.train.461,RND,1540
f.rndn.12x12.train.462,RND,1475
f.rndn.12x12.train.463,RND,1447
f.rndn.12x12.train.464,RND,1519
f.rndn.12x12.train.465,RND,1471
f.rndn.12x12.train.466,RND,1456
f.rndn.12x12.train.467,RND,1418
f.rndn.12x12.train.468,RND,1479
f.rndn.12x12.train.469,RND,1465
f.rndn.12x12.train.470,RND,1494
f.rndn.12x12.train.471,RND,1544
f.rndn.12x12.train.472,RND,1515
f.rndn.12x12.train.473,RND,1516
f.rndn.12x12.train.474,RND,1499
f.rndn.12x12.train.475,RND,1420
f.rndn.12x12.train.476,RND,1483
f.rndn.12x12.train.477,RND,1471
f.rndn.12x12.train.478,RND,1399
f.rndn.12x12.train.479,RND,1517
f.rndn.12x12.train.480,RND,1369
f.rndn.12x12.train.481,RND,1375
f.rndn.12x12.train.482,RND,1464
f.rndn.12x12.train.483,RND,1473
f.rndn.12x12.train.484,RND,1479
f.rndn.12x12.train.485,RND,1380
f.rndn.12x12.train.486,RND,1457
f.rndn.12x12.train.487,RND,1410
f.rndn.12x12.train.488,RND,1474
f.rndn.12x12.train.489,RND,1378
f.rndn.12x12.train.490,RND,1368
f.rndn.12x12.train.491,RND,1383
f.rndn.12x12.train.492,RND,1555
f.rndn.12x12.train.493,RND,1403
f.rndn.12x12.train.494,RND,1473
f.rndn.12x12.train.495,RND,1460
f.rndn.12x12.train.496,RND,1506
f.rndn.12x12.train.497,RND,1477
f.rndn.12x12.train.498,RND,1505
f.rndn.12x12.train.499,RND,1453
f.rndn.12x12.train.500,RND,1505
